#
# There is insufficient memory for the Java Runtime Environment to continue.
# Native memory allocation (malloc) failed to allocate 1131440 bytes. Error detail: Chunk::new
# Possible reasons:
#   The system is out of physical RAM or swap space
#   This process is running with CompressedOops enabled, and the Java Heap may be blocking the growth of the native heap
# Possible solutions:
#   Reduce memory load on the system
#   Increase physical memory or swap space
#   Check if swap backing store is full
#   Decrease Java heap size (-Xmx/-Xms)
#   Decrease number of Java threads
#   Decrease Java thread stack sizes (-Xss)
#   Set larger code cache with -XX:ReservedCodeCacheSize=
#   JVM is running with Unscaled Compressed Oops mode in which the Java heap is
#     placed in the first 4GB address space. The Java Heap base address is the
#     maximum limit for the native heap growth. Please use -XX:HeapBaseMinAddress
#     to set the Java Heap base and to place the Java Heap above 4GB virtual address.
# This output file may be truncated or incomplete.
#
#  Out of Memory Error (arena.cpp:186), pid=13856, tid=15392
#
# JRE version: OpenJDK Runtime Environment (25.0+37) (build 25+37-LTS)
# Java VM: OpenJDK 64-Bit Server VM (25+37-LTS, mixed mode, sharing, tiered, compressed oops, compressed class ptrs, g1 gc, windows-amd64)
# No core dump will be written. Minidumps are not enabled by default on client versions of Windows
#

---------------  S U M M A R Y ------------

Command Line: --add-opens=java.base/java.lang=ALL-UNNAMED --add-opens=java.base/java.lang.invoke=ALL-UNNAMED --add-opens=java.base/java.util=ALL-UNNAMED --add-opens=java.prefs/java.util.prefs=ALL-UNNAMED --add-exports=jdk.compiler/com.sun.tools.javac.api=ALL-UNNAMED --add-exports=jdk.compiler/com.sun.tools.javac.util=ALL-UNNAMED --add-opens=java.base/java.util=ALL-UNNAMED --add-opens=java.prefs/java.util.prefs=ALL-UNNAMED --add-opens=java.base/java.nio.charset=ALL-UNNAMED --add-opens=java.base/java.net=ALL-UNNAMED --add-opens=java.base/java.util.concurrent=ALL-UNNAMED --add-opens=java.base/java.util.concurrent.atomic=ALL-UNNAMED --add-opens=java.xml/javax.xml.namespace=ALL-UNNAMED --add-opens=java.base/java.time=ALL-UNNAMED --enable-native-access=ALL-UNNAMED -XX:MaxMetaspaceSize=384m -XX:+HeapDumpOnOutOfMemoryError -Xms256m -Xmx512m -Dfile.encoding=UTF-8 -Duser.country=US -Duser.language=en -Duser.variant -javaagent:C:\Users\user\.gradle\wrapper\dists\gradle-9.4.1-bin\arn2x92ynaizyzdaamcbpbhtj\gradle-9.4.1\lib\agents\gradle-instrumentation-agent-9.4.1.jar org.gradle.launcher.daemon.bootstrap.GradleDaemon 9.4.1

Host: Intel(R) Core(TM) i5-8350U CPU @ 1.70GHz, 8 cores, 7G,  Windows 11 , 64 bit Build 26100 (10.0.26100.8115)
Time: Tue Jun  2 11:21:06 2026 E. Africa Standard Time elapsed time: 98.397297 seconds (0d 0h 1m 38s)

---------------  T H R E A D  ---------------

Current thread (0x000001512eebfc80):  JavaThread "C2 CompilerThread0" daemon [_thread_in_native, id=15392, stack(0x00000011a7300000,0x00000011a7400000) (1024K)]


Current CompileTask:
C2:98397 19937       4       javax.management.ObjectName::construct (1135 bytes)

Stack: [0x00000011a7300000,0x00000011a7400000]
Native frames: (J=compiled Java code, j=interpreted, Vv=VM code, C=native code)
V  [jvm.dll+0x7b9849]  (no source info available)
V  [jvm.dll+0x783c7d]  (no source info available)
V  [jvm.dll+0xa06be3]  (no source info available)
V  [jvm.dll+0xa09054]  (no source info available)
V  [jvm.dll+0xa09743]  (no source info available)
V  [jvm.dll+0x30dd96]  (no source info available)
V  [jvm.dll+0x116c36]  (no source info available)
V  [jvm.dll+0x116f61]  (no source info available)
V  [jvm.dll+0x463657]  (no source info available)
V  [jvm.dll+0x264565]  (no source info available)
V  [jvm.dll+0x2d18f2]  (no source info available)
V  [jvm.dll+0x2d0a81]  (no source info available)
V  [jvm.dll+0x2471ea]  (no source info available)
V  [jvm.dll+0x2e0251]  (no source info available)
V  [jvm.dll+0x2de49a]  (no source info available)
V  [jvm.dll+0x4a047e]  (no source info available)
V  [jvm.dll+0x9a6be8]  (no source info available)
V  [jvm.dll+0x7b7db5]  (no source info available)
C  [ucrtbase.dll+0x37b0]  (no source info available)
C  [KERNEL32.DLL+0x2e8d7]  (no source info available)
C  [ntdll.dll+0x8c3fc]  (no source info available)

Lock stack of current Java thread (top to bottom):


---------------  P R O C E S S  ---------------

Threads class SMR info:
_java_thread_list=0x0000015133f3aee0, length=64, elements={
0x00000151126d61d0, 0x000001512eeb4190, 0x000001512eeb4bf0, 0x000001512eeb5a50,
0x000001512eeb9dd0, 0x000001512eebd420, 0x000001512eebe8b0, 0x000001512eebfc80,
0x000001512eec32a0, 0x0000015133148a70, 0x000001513321e7e0, 0x00000151353f9620,
0x000001513547ce70, 0x000001513546eef0, 0x00000151352ce380, 0x000001513521a400,
0x000001513586b340, 0x000001513586bb10, 0x000001513586d280, 0x000001513586e220,
0x000001513586e9f0, 0x000001513661bf90, 0x000001513661ded0, 0x000001513661e6a0,
0x0000015137420b50, 0x00000151366208f0, 0x0000015136627e20, 0x0000015136625710,
0x00000151366266b0, 0x0000015137ddfe00, 0x0000015137de53f0, 0x0000015136dbd1c0,
0x000001513a37ac10, 0x000001513a37bbb0, 0x000001513a37cb50, 0x0000015137be8690,
0x0000015137be5f80, 0x0000015137be4fe0, 0x0000015137bebd40, 0x0000015137bea5d0,
0x0000015137beb570, 0x0000015137423260, 0x0000015137421320, 0x0000015137426910,
0x0000015137426140, 0x000001513521cb10, 0x000001513521abd0, 0x0000015135219c30,
0x000001513521ea50, 0x000001513521f9f0, 0x000001513661c760, 0x000001513661d700,
0x0000015135870160, 0x0000015135871100, 0x0000015137de3c80, 0x000001513620bd20,
0x0000015136209610, 0x000001513620ad80, 0x000001513620dc60, 0x0000015136210b40,
0x000001513620f3d0, 0x0000015136211310, 0x000001513620e430, 0x000001513620ec00
}

Java Threads: ( => current thread )
  0x00000151126d61d0 JavaThread "main"                              [_thread_blocked, id=24220, stack(0x00000011a6500000,0x00000011a6600000) (1024K)]
  0x000001512eeb4190 JavaThread "Reference Handler"          daemon [_thread_blocked, id=24548, stack(0x00000011a6d00000,0x00000011a6e00000) (1024K)]
  0x000001512eeb4bf0 JavaThread "Finalizer"                  daemon [_thread_blocked, id=23092, stack(0x00000011a6e00000,0x00000011a6f00000) (1024K)]
  0x000001512eeb5a50 JavaThread "Signal Dispatcher"          daemon [_thread_blocked, id=20396, stack(0x00000011a6f00000,0x00000011a7000000) (1024K)]
  0x000001512eeb9dd0 JavaThread "Attach Listener"            daemon [_thread_blocked, id=16884, stack(0x00000011a7000000,0x00000011a7100000) (1024K)]
  0x000001512eebd420 JavaThread "Service Thread"             daemon [_thread_blocked, id=16992, stack(0x00000011a7100000,0x00000011a7200000) (1024K)]
  0x000001512eebe8b0 JavaThread "Monitor Deflation Thread"   daemon [_thread_blocked, id=17632, stack(0x00000011a7200000,0x00000011a7300000) (1024K)]
=>0x000001512eebfc80 JavaThread "C2 CompilerThread0"         daemon [_thread_in_native, id=15392, stack(0x00000011a7300000,0x00000011a7400000) (1024K)]
  0x000001512eec32a0 JavaThread "C1 CompilerThread0"         daemon [_thread_blocked, id=24512, stack(0x00000011a7400000,0x00000011a7500000) (1024K)]
  0x0000015133148a70 JavaThread "Common-Cleaner"             daemon [_thread_blocked, id=22960, stack(0x00000011a7600000,0x00000011a7700000) (1024K)]
  0x000001513321e7e0 JavaThread "Notification Thread"        daemon [_thread_blocked, id=8996, stack(0x00000011a7500000,0x00000011a7600000) (1024K)]
  0x00000151353f9620 JavaThread "Daemon health stats"               [_thread_blocked, id=3832, stack(0x00000011a7d00000,0x00000011a7e00000) (1024K)]
  0x000001513547ce70 JavaThread "Incoming local TCP Connector on port 54688"        [_thread_in_native, id=11604, stack(0x00000011a7e00000,0x00000011a7f00000) (1024K)]
  0x000001513546eef0 JavaThread "Daemon periodic checks"            [_thread_blocked, id=9764, stack(0x00000011a7f00000,0x00000011a8000000) (1024K)]
  0x00000151352ce380 JavaThread "Daemon"                            [_thread_blocked, id=16048, stack(0x00000011a8000000,0x00000011a8100000) (1024K)]
  0x000001513521a400 JavaThread "Daemon worker"                     [_thread_blocked, id=17536, stack(0x00000011a8300000,0x00000011a8400000) (1024K)]
  0x000001513586b340 JavaThread "Cache worker for journal cache (C:\Users\user\.gradle\caches\journal-1)"        [_thread_blocked, id=16936, stack(0x00000011a8700000,0x00000011a8800000) (1024K)]
  0x000001513586bb10 JavaThread "File lock request listener"        [_thread_in_native, id=17996, stack(0x00000011a8800000,0x00000011a8900000) (1024K)]
  0x000001513586d280 JavaThread "Cache worker for file hash cache (C:\Users\user\.gradle\caches\9.4.1\fileHashes)"        [_thread_blocked, id=24384, stack(0x00000011a8900000,0x00000011a8a00000) (1024K)]
  0x000001513586e220 JavaThread "File watcher server"        daemon [_thread_in_native, id=21968, stack(0x00000011a8f00000,0x00000011a9000000) (1024K)]
  0x000001513586e9f0 JavaThread "File watcher consumer"      daemon [_thread_blocked, id=14788, stack(0x00000011a9000000,0x00000011a9100000) (1024K)]
  0x000001513661bf90 JavaThread "Cache worker for file content cache (C:\Users\user\.gradle\caches\9.4.1\fileContent)"        [_thread_blocked, id=21384, stack(0x00000011a9100000,0x00000011a9200000) (1024K)]
  0x000001513661ded0 JavaThread "jar transforms"                    [_thread_blocked, id=2260, stack(0x00000011a9500000,0x00000011a9600000) (1024K)]
  0x000001513661e6a0 JavaThread "jar transforms Thread 2"           [_thread_blocked, id=3536, stack(0x00000011a9600000,0x00000011a9700000) (1024K)]
  0x0000015137420b50 JavaThread "jar transforms Thread 3"           [_thread_blocked, id=22016, stack(0x00000011a9800000,0x00000011a9900000) (1024K)]
  0x00000151366208f0 JavaThread "jar transforms Thread 4"           [_thread_blocked, id=6436, stack(0x00000011aa100000,0x00000011aa200000) (1024K)]
  0x0000015136627e20 JavaThread "jar transforms Thread 5"           [_thread_blocked, id=20264, stack(0x00000011aa200000,0x00000011aa300000) (1024K)]
  0x0000015136625710 JavaThread "jar transforms Thread 6"           [_thread_blocked, id=14152, stack(0x00000011aa300000,0x00000011aa400000) (1024K)]
  0x00000151366266b0 JavaThread "jar transforms Thread 7"           [_thread_blocked, id=19156, stack(0x00000011aa400000,0x00000011aa500000) (1024K)]
  0x0000015137ddfe00 JavaThread "jar transforms Thread 8"           [_thread_blocked, id=14324, stack(0x00000011aa500000,0x00000011aa600000) (1024K)]
  0x0000015137de53f0 JavaThread "Memory manager"                    [_thread_blocked, id=23864, stack(0x00000011aa600000,0x00000011aa700000) (1024K)]
  0x0000015136dbd1c0 JavaThread "Cache worker for Java compile cache (C:\Users\user\.gradle\caches\9.4.1\javaCompile)"        [_thread_blocked, id=20208, stack(0x00000011ab100000,0x00000011ab200000) (1024K)]
  0x000001513a37ac10 JavaThread "Handler for socket connection from /127.0.0.1:54688 to /127.0.0.1:64556"        [_thread_in_native, id=22440, stack(0x00000011a8400000,0x00000011a8500000) (1024K)]
  0x000001513a37bbb0 JavaThread "Cancel handler"                    [_thread_blocked, id=10620, stack(0x00000011a8500000,0x00000011a8600000) (1024K)]
  0x000001513a37cb50 JavaThread "Asynchronous log dispatcher for DefaultDaemonConnection: socket connection from /127.0.0.1:54688 to /127.0.0.1:64556"        [_thread_blocked, id=3816, stack(0x00000011a8600000,0x00000011a8700000) (1024K)]
  0x0000015137be8690 JavaThread "Stdin handler"                     [_thread_blocked, id=15560, stack(0x00000011a8d00000,0x00000011a8e00000) (1024K)]
  0x0000015137be5f80 JavaThread "Daemon client event forwarder"        [_thread_blocked, id=25312, stack(0x00000011a8e00000,0x00000011a8f00000) (1024K)]
  0x0000015137be4fe0 JavaThread "Cache worker for file hash cache (C:\Users\user\Desktop\TaskManager 2\.gradle\9.4.1\fileHashes)"        [_thread_blocked, id=15952, stack(0x00000011a9200000,0x00000011a9300000) (1024K)]
  0x0000015137bebd40 JavaThread "Cache worker for Build Output Cleanup Cache (C:\Users\user\Desktop\TaskManager 2\.gradle\buildOutputCleanup)"        [_thread_blocked, id=9392, stack(0x00000011a9300000,0x00000011a9400000) (1024K)]
  0x0000015137bea5d0 JavaThread "Cache worker for checksums cache (C:\Users\user\Desktop\TaskManager 2\.gradle\9.4.1\checksums)"        [_thread_blocked, id=25524, stack(0x00000011a9400000,0x00000011a9500000) (1024K)]
  0x0000015137beb570 JavaThread "Cache worker for cache directory md-supplier (C:\Users\user\.gradle\caches\9.4.1\md-supplier)"        [_thread_blocked, id=13044, stack(0x00000011a9900000,0x00000011a9a00000) (1024K)]
  0x0000015137423260 JavaThread "Cache worker for cache directory md-rule (C:\Users\user\.gradle\caches\9.4.1\md-rule)"        [_thread_blocked, id=22952, stack(0x00000011a9a00000,0x00000011a9b00000) (1024K)]
  0x0000015137421320 JavaThread "Build operations"                  [_thread_blocked, id=10040, stack(0x00000011a9c00000,0x00000011a9d00000) (1024K)]
  0x0000015137426910 JavaThread "Build operations Thread 2"         [_thread_blocked, id=23728, stack(0x00000011a9d00000,0x00000011a9e00000) (1024K)]
  0x0000015137426140 JavaThread "Build operations Thread 3"         [_thread_blocked, id=10284, stack(0x00000011a9e00000,0x00000011a9f00000) (1024K)]
  0x000001513521cb10 JavaThread "Build operations Thread 4"         [_thread_blocked, id=5768, stack(0x00000011a9f00000,0x00000011aa000000) (1024K)]
  0x000001513521abd0 JavaThread "Build operations Thread 5"         [_thread_blocked, id=25564, stack(0x00000011aa000000,0x00000011aa100000) (1024K)]
  0x0000015135219c30 JavaThread "Build operations Thread 6"         [_thread_blocked, id=23408, stack(0x00000011aa700000,0x00000011aa800000) (1024K)]
  0x000001513521ea50 JavaThread "Build operations Thread 7"         [_thread_blocked, id=15888, stack(0x00000011aa800000,0x00000011aa900000) (1024K)]
  0x000001513521f9f0 JavaThread "Build operations Thread 8"         [_thread_blocked, id=17108, stack(0x00000011aa900000,0x00000011aaa00000) (1024K)]
  0x000001513661c760 JavaThread "included builds"                   [_thread_blocked, id=19512, stack(0x00000011aab00000,0x00000011aac00000) (1024K)]
  0x000001513661d700 JavaThread "Execution worker"                  [_thread_blocked, id=4776, stack(0x00000011aac00000,0x00000011aad00000) (1024K)]
  0x0000015135870160 JavaThread "Execution worker Thread 2"         [_thread_blocked, id=13284, stack(0x00000011aad00000,0x00000011aae00000) (1024K)]
  0x0000015135871100 JavaThread "Execution worker Thread 3"         [_thread_blocked, id=19544, stack(0x00000011aae00000,0x00000011aaf00000) (1024K)]
  0x0000015137de3c80 JavaThread "Execution worker Thread 4"         [_thread_blocked, id=4408, stack(0x00000011aaf00000,0x00000011ab000000) (1024K)]
  0x000001513620bd20 JavaThread "Execution worker Thread 5"         [_thread_blocked, id=10868, stack(0x00000011ab000000,0x00000011ab100000) (1024K)]
  0x0000015136209610 JavaThread "Execution worker Thread 6"         [_thread_blocked, id=3148, stack(0x00000011ab200000,0x00000011ab300000) (1024K)]
  0x000001513620ad80 JavaThread "Execution worker Thread 7"         [_thread_blocked, id=5564, stack(0x00000011ab300000,0x00000011ab400000) (1024K)]
  0x000001513620dc60 JavaThread "Cache worker for execution history cache (C:\Users\user\Desktop\TaskManager 2\.gradle\9.4.1\executionHistory)"        [_thread_blocked, id=4720, stack(0x00000011ab400000,0x00000011ab500000) (1024K)]
  0x0000015136210b40 JavaThread "Exec process"                      [_thread_in_native, id=13988, stack(0x00000011ab500000,0x00000011ab600000) (1024K)]
  0x000001513620f3d0 JavaThread "DisconnectableInputStream source reader" daemon [_thread_blocked, id=24896, stack(0x00000011ab600000,0x00000011ab700000) (1024K)]
  0x0000015136211310 JavaThread "Exec process Thread 2"             [_thread_blocked, id=18684, stack(0x00000011ab700000,0x00000011ab800000) (1024K)]
  0x000001513620e430 JavaThread "Exec process Thread 3"             [_thread_in_native, id=17364, stack(0x00000011ab800000,0x00000011ab900000) (1024K)]
  0x000001513620ec00 JavaThread "Exec process Thread 4"             [_thread_in_native, id=19444, stack(0x00000011ab900000,0x00000011aba00000) (1024K)]
Total: 64

Other Threads:
  0x000001512eea1400 VMThread "VM Thread"                           [id=8556, stack(0x00000011a6c00000,0x00000011a6d00000) (1024K)]
  0x0000015112780b30 WatcherThread "VM Periodic Task Thread"        [id=17164, stack(0x00000011a6b00000,0x00000011a6c00000) (1024K)]
  0x0000015112701c20 WorkerThread "GC Thread#0"                     [id=20980, stack(0x00000011a6600000,0x00000011a6700000) (1024K)]
  0x000001513474a350 WorkerThread "GC Thread#1"                     [id=10572, stack(0x00000011a7800000,0x00000011a7900000) (1024K)]
  0x000001513474a780 WorkerThread "GC Thread#2"                     [id=13596, stack(0x00000011a7900000,0x00000011a7a00000) (1024K)]
  0x000001513474abb0 WorkerThread "GC Thread#3"                     [id=5980, stack(0x00000011a7a00000,0x00000011a7b00000) (1024K)]
  0x0000015134626a30 WorkerThread "GC Thread#4"                     [id=12556, stack(0x00000011a7b00000,0x00000011a7c00000) (1024K)]
  0x000001513474b3e0 WorkerThread "GC Thread#5"                     [id=9152, stack(0x00000011a7c00000,0x00000011a7d00000) (1024K)]
  0x0000015134f6e5f0 WorkerThread "GC Thread#6"                     [id=23116, stack(0x00000011a8a00000,0x00000011a8b00000) (1024K)]
  0x0000015134f6d4b0 WorkerThread "GC Thread#7"                     [id=8528, stack(0x00000011a8b00000,0x00000011a8c00000) (1024K)]
  0x00000151103ebff0 ConcurrentGCThread "G1 Main Marker"            [id=22544, stack(0x00000011a6700000,0x00000011a6800000) (1024K)]
  0x00000151103ed9a0 WorkerThread "G1 Conc#0"                       [id=19640, stack(0x00000011a6800000,0x00000011a6900000) (1024K)]
  0x0000015134f6f2e0 WorkerThread "G1 Conc#1"                       [id=4160, stack(0x00000011a8c00000,0x00000011a8d00000) (1024K)]
  0x0000015112769530 ConcurrentGCThread "G1 Refine#0"               [id=3004, stack(0x00000011a6900000,0x00000011a6a00000) (1024K)]
  0x000001511276bf50 ConcurrentGCThread "G1 Service"                [id=21216, stack(0x00000011a6a00000,0x00000011a6b00000) (1024K)]
Total: 15

Threads with active compile tasks:
C2 CompilerThread0  98460 19937       4       javax.management.ObjectName::construct (1135 bytes)
Total: 1

VM state: not at safepoint (normal execution)

VM Mutex/Monitor currently owned by a thread: None

Heap address: 0x00000000e0000000, size: 512 MB, Compressed Oops mode: 32-bit

CDS archive(s) mapped at: [0x0000000094000000-0x0000000094dd0000-0x0000000094dd0000), size 14483456, SharedBaseAddress: 0x0000000094000000, ArchiveRelocationMode: 1.
Compressed class space mapped at: 0x0000000095000000-0x00000000a9000000, reserved size: 335544320
UseCompressedClassPointers 1, UseCompactObjectHeaders 0
Narrow klass pointer bits 32, Max shift 3
Narrow klass base: 0x0000000094000000, Narrow klass shift: 0
Encoding Range: [0x0000000094000000 - 0x0000000194000000), (4294967296 bytes)
Klass Range:    [0x0000000094010000 - 0x00000000a9000000), (352256000 bytes)
Klass ID Range:  [65536 - 352321529) (352255993)
Protection zone: [0x0000000094000000 - 0x0000000094010000), (65536 bytes)

GC Precious Log:
 CardTable entry size: 512
 Card Set container configuration: InlinePtr #cards 5 size 8 Array Of Cards #cards 10 size 36 Howl #buckets 4 coarsen threshold 1843 Howl Bitmap #cards 512 size 80 coarsen threshold 460 Card regions per heap region 1 cards per card region 2048
 CPUs: 8 total, 8 available
 Memory: 8035M
 Large Page Support: Disabled
 NUMA Support: Disabled
 Compressed Oops: Enabled (32-bit)
 Heap Region Size: 1M
 Heap Min Capacity: 256M
 Heap Initial Capacity: 256M
 Heap Max Capacity: 512M
 Pre-touch: Disabled
 Parallel Workers: 8
 Concurrent Workers: 2
 Concurrent Refinement Workers: 8
 Periodic GC: Disabled

Heap:
 garbage-first heap   total reserved 524288K, committed 262144K, used 200638K [0x00000000e0000000, 0x0000000100000000)
  region size 1024K, 98 young (100352K), 10 survivors (10240K)

Heap Regions: E=young(eden), S=young(survivor), O=old, HS=humongous(starts), HC=humongous(continues), CS=collection set, F=free, TAMS=top-at-mark-start, PB=parsable bottom
|   0|0x00000000e0000000, 0x00000000e0100000, 0x00000000e0100000|100%|HS|  |TAMS 0x00000000e0000000| PB 0x00000000e0000000| Complete |  0
|   1|0x00000000e0100000, 0x00000000e0200000, 0x00000000e0200000|100%|HC|  |TAMS 0x00000000e0100000| PB 0x00000000e0100000| Complete |  0
|   2|0x00000000e0200000, 0x00000000e0300000, 0x00000000e0300000|100%|HC|  |TAMS 0x00000000e0200000| PB 0x00000000e0200000| Complete |  0
|   3|0x00000000e0300000, 0x00000000e0400000, 0x00000000e0400000|100%|HC|  |TAMS 0x00000000e0300000| PB 0x00000000e0300000| Complete |  0
|   4|0x00000000e0400000, 0x00000000e0500000, 0x00000000e0500000|100%|HS|  |TAMS 0x00000000e0400000| PB 0x00000000e0400000| Complete |  0
|   5|0x00000000e0500000, 0x00000000e0600000, 0x00000000e0600000|100%| O|  |TAMS 0x00000000e0500000| PB 0x00000000e0500000| Untracked |  0
|   6|0x00000000e0600000, 0x00000000e0700000, 0x00000000e0700000|100%| O|  |TAMS 0x00000000e0600000| PB 0x00000000e0600000| Untracked |  0
|   7|0x00000000e0700000, 0x00000000e0800000, 0x00000000e0800000|100%| O|  |TAMS 0x00000000e0700000| PB 0x00000000e0700000| Untracked |  0
|   8|0x00000000e0800000, 0x00000000e0900000, 0x00000000e0900000|100%| O|  |TAMS 0x00000000e0800000| PB 0x00000000e0800000| Untracked |  0
|   9|0x00000000e0900000, 0x00000000e0a00000, 0x00000000e0a00000|100%| O|  |TAMS 0x00000000e0900000| PB 0x00000000e0900000| Untracked |  0
|  10|0x00000000e0a00000, 0x00000000e0b00000, 0x00000000e0b00000|100%| O|  |TAMS 0x00000000e0a00000| PB 0x00000000e0a00000| Untracked |  0
|  11|0x00000000e0b00000, 0x00000000e0c00000, 0x00000000e0c00000|100%| O|  |TAMS 0x00000000e0b00000| PB 0x00000000e0b00000| Untracked |  0
|  12|0x00000000e0c00000, 0x00000000e0d00000, 0x00000000e0d00000|100%| O|  |TAMS 0x00000000e0c00000| PB 0x00000000e0c00000| Untracked |  0
|  13|0x00000000e0d00000, 0x00000000e0e00000, 0x00000000e0e00000|100%| O|  |TAMS 0x00000000e0d00000| PB 0x00000000e0d00000| Untracked |  0
|  14|0x00000000e0e00000, 0x00000000e0f00000, 0x00000000e0f00000|100%| O|  |TAMS 0x00000000e0e00000| PB 0x00000000e0e00000| Untracked |  0
|  15|0x00000000e0f00000, 0x00000000e1000000, 0x00000000e1000000|100%| O|  |TAMS 0x00000000e0f00000| PB 0x00000000e0f00000| Untracked |  0
|  16|0x00000000e1000000, 0x00000000e1100000, 0x00000000e1100000|100%| O|  |TAMS 0x00000000e1000000| PB 0x00000000e1000000| Untracked |  0
|  17|0x00000000e1100000, 0x00000000e1200000, 0x00000000e1200000|100%| O|  |TAMS 0x00000000e1100000| PB 0x00000000e1100000| Untracked |  0
|  18|0x00000000e1200000, 0x00000000e1300000, 0x00000000e1300000|100%| O|  |TAMS 0x00000000e1200000| PB 0x00000000e1200000| Untracked |  0
|  19|0x00000000e1300000, 0x00000000e1400000, 0x00000000e1400000|100%| O|  |TAMS 0x00000000e1300000| PB 0x00000000e1300000| Untracked |  0
|  20|0x00000000e1400000, 0x00000000e1500000, 0x00000000e1500000|100%| O|  |TAMS 0x00000000e1400000| PB 0x00000000e1400000| Untracked |  0
|  21|0x00000000e1500000, 0x00000000e1600000, 0x00000000e1600000|100%| O|  |TAMS 0x00000000e1500000| PB 0x00000000e1500000| Untracked |  0
|  22|0x00000000e1600000, 0x00000000e1700000, 0x00000000e1700000|100%| O|  |TAMS 0x00000000e1600000| PB 0x00000000e1600000| Untracked |  0
|  23|0x00000000e1700000, 0x00000000e1800000, 0x00000000e1800000|100%| O|  |TAMS 0x00000000e1700000| PB 0x00000000e1700000| Untracked |  0
|  24|0x00000000e1800000, 0x00000000e1900000, 0x00000000e1900000|100%|HS|  |TAMS 0x00000000e1800000| PB 0x00000000e1800000| Complete |  0
|  25|0x00000000e1900000, 0x00000000e1a00000, 0x00000000e1a00000|100%|HC|  |TAMS 0x00000000e1900000| PB 0x00000000e1900000| Complete |  0
|  26|0x00000000e1a00000, 0x00000000e1b00000, 0x00000000e1b00000|100%| O|  |TAMS 0x00000000e1a00000| PB 0x00000000e1a00000| Untracked |  0
|  27|0x00000000e1b00000, 0x00000000e1c00000, 0x00000000e1c00000|100%| O|  |TAMS 0x00000000e1b00000| PB 0x00000000e1b00000| Untracked |  0
|  28|0x00000000e1c00000, 0x00000000e1d00000, 0x00000000e1d00000|100%| O|  |TAMS 0x00000000e1c00000| PB 0x00000000e1c00000| Untracked |  0
|  29|0x00000000e1d00000, 0x00000000e1e00000, 0x00000000e1e00000|100%| O|  |TAMS 0x00000000e1d00000| PB 0x00000000e1d00000| Untracked |  0
|  30|0x00000000e1e00000, 0x00000000e1f00000, 0x00000000e1f00000|100%| O|  |TAMS 0x00000000e1e00000| PB 0x00000000e1e00000| Untracked |  0
|  31|0x00000000e1f00000, 0x00000000e2000000, 0x00000000e2000000|100%| O|  |TAMS 0x00000000e1f00000| PB 0x00000000e1f00000| Untracked |  0
|  32|0x00000000e2000000, 0x00000000e2100000, 0x00000000e2100000|100%| O|  |TAMS 0x00000000e2000000| PB 0x00000000e2000000| Untracked |  0
|  33|0x00000000e2100000, 0x00000000e2200000, 0x00000000e2200000|100%| O|  |TAMS 0x00000000e2100000| PB 0x00000000e2100000| Untracked |  0
|  34|0x00000000e2200000, 0x00000000e2300000, 0x00000000e2300000|100%| O|  |TAMS 0x00000000e2200000| PB 0x00000000e2200000| Untracked |  0
|  35|0x00000000e2300000, 0x00000000e2400000, 0x00000000e2400000|100%| O|  |TAMS 0x00000000e2300000| PB 0x00000000e2300000| Untracked |  0
|  36|0x00000000e2400000, 0x00000000e2500000, 0x00000000e2500000|100%| O|  |TAMS 0x00000000e2400000| PB 0x00000000e2400000| Untracked |  0
|  37|0x00000000e2500000, 0x00000000e2600000, 0x00000000e2600000|100%| O|  |TAMS 0x00000000e2500000| PB 0x00000000e2500000| Untracked |  0
|  38|0x00000000e2600000, 0x00000000e2700000, 0x00000000e2700000|100%| O|  |TAMS 0x00000000e2600000| PB 0x00000000e2600000| Untracked |  0
|  39|0x00000000e2700000, 0x00000000e2800000, 0x00000000e2800000|100%| O|  |TAMS 0x00000000e2700000| PB 0x00000000e2700000| Untracked |  0
|  40|0x00000000e2800000, 0x00000000e2900000, 0x00000000e2900000|100%| O|  |TAMS 0x00000000e2800000| PB 0x00000000e2800000| Untracked |  0
|  41|0x00000000e2900000, 0x00000000e2a00000, 0x00000000e2a00000|100%| O|  |TAMS 0x00000000e2900000| PB 0x00000000e2900000| Untracked |  0
|  42|0x00000000e2a00000, 0x00000000e2b00000, 0x00000000e2b00000|100%| O|  |TAMS 0x00000000e2a00000| PB 0x00000000e2a00000| Untracked |  0
|  43|0x00000000e2b00000, 0x00000000e2c00000, 0x00000000e2c00000|100%| O|  |TAMS 0x00000000e2b00000| PB 0x00000000e2b00000| Untracked |  0
|  44|0x00000000e2c00000, 0x00000000e2d00000, 0x00000000e2d00000|100%|HS|  |TAMS 0x00000000e2c00000| PB 0x00000000e2c00000| Complete |  0
|  45|0x00000000e2d00000, 0x00000000e2e00000, 0x00000000e2e00000|100%| O|  |TAMS 0x00000000e2d00000| PB 0x00000000e2d00000| Untracked |  0
|  46|0x00000000e2e00000, 0x00000000e2f00000, 0x00000000e2f00000|100%| O|  |TAMS 0x00000000e2e00000| PB 0x00000000e2e00000| Untracked |  0
|  47|0x00000000e2f00000, 0x00000000e3000000, 0x00000000e3000000|100%| O|  |TAMS 0x00000000e2f00000| PB 0x00000000e2f00000| Untracked |  0
|  48|0x00000000e3000000, 0x00000000e3100000, 0x00000000e3100000|100%| O|  |TAMS 0x00000000e3000000| PB 0x00000000e3000000| Untracked |  0
|  49|0x00000000e3100000, 0x00000000e3200000, 0x00000000e3200000|100%| O|  |TAMS 0x00000000e3100000| PB 0x00000000e3100000| Untracked |  0
|  50|0x00000000e3200000, 0x00000000e3300000, 0x00000000e3300000|100%| O|  |TAMS 0x00000000e3200000| PB 0x00000000e3200000| Untracked |  0
|  51|0x00000000e3300000, 0x00000000e3400000, 0x00000000e3400000|100%| O|  |TAMS 0x00000000e3300000| PB 0x00000000e3300000| Untracked |  0
|  52|0x00000000e3400000, 0x00000000e3500000, 0x00000000e3500000|100%| O|  |TAMS 0x00000000e3400000| PB 0x00000000e3400000| Untracked |  0
|  53|0x00000000e3500000, 0x00000000e3600000, 0x00000000e3600000|100%| O|  |TAMS 0x00000000e3500000| PB 0x00000000e3500000| Untracked |  0
|  54|0x00000000e3600000, 0x00000000e3700000, 0x00000000e3700000|100%| O|  |TAMS 0x00000000e3600000| PB 0x00000000e3600000| Untracked |  0
|  55|0x00000000e3700000, 0x00000000e3800000, 0x00000000e3800000|100%| O|  |TAMS 0x00000000e3700000| PB 0x00000000e3700000| Untracked |  0
|  56|0x00000000e3800000, 0x00000000e3900000, 0x00000000e3900000|100%| O|  |TAMS 0x00000000e3800000| PB 0x00000000e3800000| Untracked |  0
|  57|0x00000000e3900000, 0x00000000e3a00000, 0x00000000e3a00000|100%| O|  |TAMS 0x00000000e3900000| PB 0x00000000e3900000| Untracked |  0
|  58|0x00000000e3a00000, 0x00000000e3b00000, 0x00000000e3b00000|100%| O|  |TAMS 0x00000000e3a00000| PB 0x00000000e3a00000| Untracked |  0
|  59|0x00000000e3b00000, 0x00000000e3c00000, 0x00000000e3c00000|100%| O|  |TAMS 0x00000000e3b00000| PB 0x00000000e3b00000| Untracked |  0
|  60|0x00000000e3c00000, 0x00000000e3d00000, 0x00000000e3d00000|100%| O|  |TAMS 0x00000000e3c00000| PB 0x00000000e3c00000| Untracked |  0
|  61|0x00000000e3d00000, 0x00000000e3e00000, 0x00000000e3e00000|100%| O|  |TAMS 0x00000000e3d00000| PB 0x00000000e3d00000| Untracked |  0
|  62|0x00000000e3e00000, 0x00000000e3f00000, 0x00000000e3f00000|100%| O|Cm|TAMS 0x00000000e3e00000| PB 0x00000000e3e00000| Complete |  0
|  63|0x00000000e3f00000, 0x00000000e4000000, 0x00000000e4000000|100%| O|  |TAMS 0x00000000e3f00000| PB 0x00000000e3f00000| Untracked |  0
|  64|0x00000000e4000000, 0x00000000e4100000, 0x00000000e4100000|100%| O|  |TAMS 0x00000000e4000000| PB 0x00000000e4000000| Untracked |  0
|  65|0x00000000e4100000, 0x00000000e4200000, 0x00000000e4200000|100%| O|  |TAMS 0x00000000e4100000| PB 0x00000000e4100000| Untracked |  0
|  66|0x00000000e4200000, 0x00000000e4300000, 0x00000000e4300000|100%| O|  |TAMS 0x00000000e4200000| PB 0x00000000e4200000| Untracked |  0
|  67|0x00000000e4300000, 0x00000000e4400000, 0x00000000e4400000|100%| O|  |TAMS 0x00000000e4300000| PB 0x00000000e4300000| Untracked |  0
|  68|0x00000000e4400000, 0x00000000e4500000, 0x00000000e4500000|100%| O|  |TAMS 0x00000000e4400000| PB 0x00000000e4400000| Untracked |  0
|  69|0x00000000e4500000, 0x00000000e4600000, 0x00000000e4600000|100%| O|  |TAMS 0x00000000e4500000| PB 0x00000000e4500000| Untracked |  0
|  70|0x00000000e4600000, 0x00000000e4700000, 0x00000000e4700000|100%| O|  |TAMS 0x00000000e4600000| PB 0x00000000e4600000| Untracked |  0
|  71|0x00000000e4700000, 0x00000000e4800000, 0x00000000e4800000|100%| O|  |TAMS 0x00000000e4700000| PB 0x00000000e4700000| Untracked |  0
|  72|0x00000000e4800000, 0x00000000e4900000, 0x00000000e4900000|100%| O|  |TAMS 0x00000000e4800000| PB 0x00000000e4800000| Untracked |  0
|  73|0x00000000e4900000, 0x00000000e4a00000, 0x00000000e4a00000|100%| O|  |TAMS 0x00000000e4900000| PB 0x00000000e4900000| Untracked |  0
|  74|0x00000000e4a00000, 0x00000000e4b00000, 0x00000000e4b00000|100%| O|Cm|TAMS 0x00000000e4a00000| PB 0x00000000e4a00000| Complete |  0
|  75|0x00000000e4b00000, 0x00000000e4c00000, 0x00000000e4c00000|100%| O|  |TAMS 0x00000000e4b00000| PB 0x00000000e4b00000| Untracked |  0
|  76|0x00000000e4c00000, 0x00000000e4d00000, 0x00000000e4d00000|100%| O|  |TAMS 0x00000000e4c00000| PB 0x00000000e4c00000| Untracked |  0
|  77|0x00000000e4d00000, 0x00000000e4e00000, 0x00000000e4e00000|100%| O|  |TAMS 0x00000000e4d00000| PB 0x00000000e4d00000| Untracked |  0
|  78|0x00000000e4e00000, 0x00000000e4f00000, 0x00000000e4f00000|100%| O|  |TAMS 0x00000000e4e00000| PB 0x00000000e4e00000| Untracked |  0
|  79|0x00000000e4f00000, 0x00000000e5000000, 0x00000000e5000000|100%| O|  |TAMS 0x00000000e4f00000| PB 0x00000000e4f00000| Untracked |  0
|  80|0x00000000e5000000, 0x00000000e5100000, 0x00000000e5100000|100%| O|  |TAMS 0x00000000e5000000| PB 0x00000000e5000000| Untracked |  0
|  81|0x00000000e5100000, 0x00000000e5200000, 0x00000000e5200000|100%| O|  |TAMS 0x00000000e5100000| PB 0x00000000e5100000| Untracked |  0
|  82|0x00000000e5200000, 0x00000000e5300000, 0x00000000e5300000|100%| O|  |TAMS 0x00000000e5200000| PB 0x00000000e5200000| Untracked |  0
|  83|0x00000000e5300000, 0x00000000e5400000, 0x00000000e5400000|100%| O|  |TAMS 0x00000000e5300000| PB 0x00000000e5300000| Untracked |  0
|  84|0x00000000e5400000, 0x00000000e5500000, 0x00000000e5500000|100%| O|  |TAMS 0x00000000e5400000| PB 0x00000000e5400000| Untracked |  0
|  85|0x00000000e5500000, 0x00000000e5600000, 0x00000000e5600000|100%| O|  |TAMS 0x00000000e5500000| PB 0x00000000e5500000| Untracked |  0
|  86|0x00000000e5600000, 0x00000000e5700000, 0x00000000e5700000|100%| O|  |TAMS 0x00000000e5600000| PB 0x00000000e5600000| Untracked |  0
|  87|0x00000000e5700000, 0x00000000e5800000, 0x00000000e5800000|100%| O|  |TAMS 0x00000000e5700000| PB 0x00000000e5700000| Untracked |  0
|  88|0x00000000e5800000, 0x00000000e5900000, 0x00000000e5900000|100%| O|  |TAMS 0x00000000e5800000| PB 0x00000000e5800000| Untracked |  0
|  89|0x00000000e5900000, 0x00000000e5a00000, 0x00000000e5a00000|100%| O|  |TAMS 0x00000000e5900000| PB 0x00000000e5900000| Untracked |  0
|  90|0x00000000e5a00000, 0x00000000e5b00000, 0x00000000e5b00000|100%| O|  |TAMS 0x00000000e5a00000| PB 0x00000000e5a00000| Untracked |  0
|  91|0x00000000e5b00000, 0x00000000e5c00000, 0x00000000e5c00000|100%| O|  |TAMS 0x00000000e5b00000| PB 0x00000000e5b00000| Untracked |  0
|  92|0x00000000e5c00000, 0x00000000e5d00000, 0x00000000e5d00000|100%| O|  |TAMS 0x00000000e5c00000| PB 0x00000000e5c00000| Untracked |  0
|  93|0x00000000e5d00000, 0x00000000e5e00000, 0x00000000e5e00000|100%| O|  |TAMS 0x00000000e5d00000| PB 0x00000000e5d00000| Untracked |  0
|  94|0x00000000e5e00000, 0x00000000e5f00000, 0x00000000e5f00000|100%| O|  |TAMS 0x00000000e5e00000| PB 0x00000000e5e00000| Untracked |  0
|  95|0x00000000e5f00000, 0x00000000e6000000, 0x00000000e6000000|100%| O|  |TAMS 0x00000000e5f00000| PB 0x00000000e5f00000| Untracked |  0
|  96|0x00000000e6000000, 0x00000000e6100000, 0x00000000e6100000|100%| O|  |TAMS 0x00000000e6000000| PB 0x00000000e6000000| Untracked |  0
|  97|0x00000000e6100000, 0x00000000e61568c0, 0x00000000e6200000| 33%| O|  |TAMS 0x00000000e6100000| PB 0x00000000e6100000| Untracked |  0
|  98|0x00000000e6200000, 0x00000000e6200000, 0x00000000e6300000|  0%| F|  |TAMS 0x00000000e6200000| PB 0x00000000e6200000| Untracked |  0
|  99|0x00000000e6300000, 0x00000000e6300000, 0x00000000e6400000|  0%| F|  |TAMS 0x00000000e6300000| PB 0x00000000e6300000| Untracked |  0
| 100|0x00000000e6400000, 0x00000000e6400000, 0x00000000e6500000|  0%| F|  |TAMS 0x00000000e6400000| PB 0x00000000e6400000| Untracked |  0
| 101|0x00000000e6500000, 0x00000000e6500000, 0x00000000e6600000|  0%| F|  |TAMS 0x00000000e6500000| PB 0x00000000e6500000| Untracked |  0
| 102|0x00000000e6600000, 0x00000000e6700000, 0x00000000e6700000|100%| O|  |TAMS 0x00000000e6600000| PB 0x00000000e6600000| Untracked |  0
| 103|0x00000000e6700000, 0x00000000e6700000, 0x00000000e6800000|  0%| F|  |TAMS 0x00000000e6700000| PB 0x00000000e6700000| Untracked |  0
| 104|0x00000000e6800000, 0x00000000e6800000, 0x00000000e6900000|  0%| F|  |TAMS 0x00000000e6800000| PB 0x00000000e6800000| Untracked |  0
| 105|0x00000000e6900000, 0x00000000e6900000, 0x00000000e6a00000|  0%| F|  |TAMS 0x00000000e6900000| PB 0x00000000e6900000| Untracked |  0
| 106|0x00000000e6a00000, 0x00000000e6a00000, 0x00000000e6b00000|  0%| F|  |TAMS 0x00000000e6a00000| PB 0x00000000e6a00000| Untracked |  0
| 107|0x00000000e6b00000, 0x00000000e6b00000, 0x00000000e6c00000|  0%| F|  |TAMS 0x00000000e6b00000| PB 0x00000000e6b00000| Untracked |  0
| 108|0x00000000e6c00000, 0x00000000e6c00000, 0x00000000e6d00000|  0%| F|  |TAMS 0x00000000e6c00000| PB 0x00000000e6c00000| Untracked |  0
| 109|0x00000000e6d00000, 0x00000000e6d00000, 0x00000000e6e00000|  0%| F|  |TAMS 0x00000000e6d00000| PB 0x00000000e6d00000| Untracked |  0
| 110|0x00000000e6e00000, 0x00000000e6e00000, 0x00000000e6f00000|  0%| F|  |TAMS 0x00000000e6e00000| PB 0x00000000e6e00000| Untracked |  0
| 111|0x00000000e6f00000, 0x00000000e6f00000, 0x00000000e7000000|  0%| F|  |TAMS 0x00000000e6f00000| PB 0x00000000e6f00000| Untracked |  0
| 112|0x00000000e7000000, 0x00000000e7000000, 0x00000000e7100000|  0%| F|  |TAMS 0x00000000e7000000| PB 0x00000000e7000000| Untracked |  0
| 113|0x00000000e7100000, 0x00000000e7100000, 0x00000000e7200000|  0%| F|  |TAMS 0x00000000e7100000| PB 0x00000000e7100000| Untracked |  0
| 114|0x00000000e7200000, 0x00000000e7200000, 0x00000000e7300000|  0%| F|  |TAMS 0x00000000e7200000| PB 0x00000000e7200000| Untracked |  0
| 115|0x00000000e7300000, 0x00000000e7300000, 0x00000000e7400000|  0%| F|  |TAMS 0x00000000e7300000| PB 0x00000000e7300000| Untracked |  0
| 116|0x00000000e7400000, 0x00000000e7400000, 0x00000000e7500000|  0%| F|  |TAMS 0x00000000e7400000| PB 0x00000000e7400000| Untracked |  0
| 117|0x00000000e7500000, 0x00000000e7500000, 0x00000000e7600000|  0%| F|  |TAMS 0x00000000e7500000| PB 0x00000000e7500000| Untracked |  0
| 118|0x00000000e7600000, 0x00000000e7600000, 0x00000000e7700000|  0%| F|  |TAMS 0x00000000e7600000| PB 0x00000000e7600000| Untracked |  0
| 119|0x00000000e7700000, 0x00000000e7700000, 0x00000000e7800000|  0%| F|  |TAMS 0x00000000e7700000| PB 0x00000000e7700000| Untracked |  0
| 120|0x00000000e7800000, 0x00000000e7800000, 0x00000000e7900000|  0%| F|  |TAMS 0x00000000e7800000| PB 0x00000000e7800000| Untracked |  0
| 121|0x00000000e7900000, 0x00000000e7900000, 0x00000000e7a00000|  0%| F|  |TAMS 0x00000000e7900000| PB 0x00000000e7900000| Untracked |  0
| 122|0x00000000e7a00000, 0x00000000e7a00000, 0x00000000e7b00000|  0%| F|  |TAMS 0x00000000e7a00000| PB 0x00000000e7a00000| Untracked |  0
| 123|0x00000000e7b00000, 0x00000000e7b990f0, 0x00000000e7c00000| 59%| S|CS|TAMS 0x00000000e7b00000| PB 0x00000000e7b00000| Complete |  0
| 124|0x00000000e7c00000, 0x00000000e7d00000, 0x00000000e7d00000|100%| S|CS|TAMS 0x00000000e7c00000| PB 0x00000000e7c00000| Complete |  0
| 125|0x00000000e7d00000, 0x00000000e7d00000, 0x00000000e7e00000|  0%| F|  |TAMS 0x00000000e7d00000| PB 0x00000000e7d00000| Untracked |  0
| 126|0x00000000e7e00000, 0x00000000e7e00000, 0x00000000e7f00000|  0%| F|  |TAMS 0x00000000e7e00000| PB 0x00000000e7e00000| Untracked |  0
| 127|0x00000000e7f00000, 0x00000000e7f00000, 0x00000000e8000000|  0%| F|  |TAMS 0x00000000e7f00000| PB 0x00000000e7f00000| Untracked |  0
| 128|0x00000000e8000000, 0x00000000e8000000, 0x00000000e8100000|  0%| F|  |TAMS 0x00000000e8000000| PB 0x00000000e8000000| Untracked |  0
| 129|0x00000000e8100000, 0x00000000e8100000, 0x00000000e8200000|  0%| F|  |TAMS 0x00000000e8100000| PB 0x00000000e8100000| Untracked |  0
| 130|0x00000000e8200000, 0x00000000e8200000, 0x00000000e8300000|  0%| F|  |TAMS 0x00000000e8200000| PB 0x00000000e8200000| Untracked |  0
| 131|0x00000000e8300000, 0x00000000e8300000, 0x00000000e8400000|  0%| F|  |TAMS 0x00000000e8300000| PB 0x00000000e8300000| Untracked |  0
| 132|0x00000000e8400000, 0x00000000e8400000, 0x00000000e8500000|  0%| F|  |TAMS 0x00000000e8400000| PB 0x00000000e8400000| Untracked |  0
| 133|0x00000000e8500000, 0x00000000e8600000, 0x00000000e8600000|100%| S|CS|TAMS 0x00000000e8500000| PB 0x00000000e8500000| Complete |  0
| 134|0x00000000e8600000, 0x00000000e8700000, 0x00000000e8700000|100%| S|CS|TAMS 0x00000000e8600000| PB 0x00000000e8600000| Complete |  0
| 135|0x00000000e8700000, 0x00000000e8800000, 0x00000000e8800000|100%| S|CS|TAMS 0x00000000e8700000| PB 0x00000000e8700000| Complete |  0
| 136|0x00000000e8800000, 0x00000000e8900000, 0x00000000e8900000|100%| S|CS|TAMS 0x00000000e8800000| PB 0x00000000e8800000| Complete |  0
| 137|0x00000000e8900000, 0x00000000e8a00000, 0x00000000e8a00000|100%| S|CS|TAMS 0x00000000e8900000| PB 0x00000000e8900000| Complete |  0
| 138|0x00000000e8a00000, 0x00000000e8b00000, 0x00000000e8b00000|100%| S|CS|TAMS 0x00000000e8a00000| PB 0x00000000e8a00000| Complete |  0
| 139|0x00000000e8b00000, 0x00000000e8c00000, 0x00000000e8c00000|100%| S|CS|TAMS 0x00000000e8b00000| PB 0x00000000e8b00000| Complete |  0
| 140|0x00000000e8c00000, 0x00000000e8d00000, 0x00000000e8d00000|100%| S|CS|TAMS 0x00000000e8c00000| PB 0x00000000e8c00000| Complete |  0
| 141|0x00000000e8d00000, 0x00000000e8d00000, 0x00000000e8e00000|  0%| F|  |TAMS 0x00000000e8d00000| PB 0x00000000e8d00000| Untracked |  0
| 142|0x00000000e8e00000, 0x00000000e8e00000, 0x00000000e8f00000|  0%| F|  |TAMS 0x00000000e8e00000| PB 0x00000000e8e00000| Untracked |  0
| 143|0x00000000e8f00000, 0x00000000e8f00000, 0x00000000e9000000|  0%| F|  |TAMS 0x00000000e8f00000| PB 0x00000000e8f00000| Untracked |  0
| 144|0x00000000e9000000, 0x00000000e9000000, 0x00000000e9100000|  0%| F|  |TAMS 0x00000000e9000000| PB 0x00000000e9000000| Untracked |  0
| 145|0x00000000e9100000, 0x00000000e9100000, 0x00000000e9200000|  0%| F|  |TAMS 0x00000000e9100000| PB 0x00000000e9100000| Untracked |  0
| 146|0x00000000e9200000, 0x00000000e9200000, 0x00000000e9300000|  0%| F|  |TAMS 0x00000000e9200000| PB 0x00000000e9200000| Untracked |  0
| 147|0x00000000e9300000, 0x00000000e9300000, 0x00000000e9400000|  0%| F|  |TAMS 0x00000000e9300000| PB 0x00000000e9300000| Untracked |  0
| 148|0x00000000e9400000, 0x00000000e9400000, 0x00000000e9500000|  0%| F|  |TAMS 0x00000000e9400000| PB 0x00000000e9400000| Untracked |  0
| 149|0x00000000e9500000, 0x00000000e9500000, 0x00000000e9600000|  0%| F|  |TAMS 0x00000000e9500000| PB 0x00000000e9500000| Untracked |  0
| 150|0x00000000e9600000, 0x00000000e9600000, 0x00000000e9700000|  0%| F|  |TAMS 0x00000000e9600000| PB 0x00000000e9600000| Untracked |  0
| 151|0x00000000e9700000, 0x00000000e9700000, 0x00000000e9800000|  0%| F|  |TAMS 0x00000000e9700000| PB 0x00000000e9700000| Untracked |  0
| 152|0x00000000e9800000, 0x00000000e9800000, 0x00000000e9900000|  0%| F|  |TAMS 0x00000000e9800000| PB 0x00000000e9800000| Untracked |  0
| 153|0x00000000e9900000, 0x00000000e9900000, 0x00000000e9a00000|  0%| F|  |TAMS 0x00000000e9900000| PB 0x00000000e9900000| Untracked |  0
| 154|0x00000000e9a00000, 0x00000000e9a00000, 0x00000000e9b00000|  0%| F|  |TAMS 0x00000000e9a00000| PB 0x00000000e9a00000| Untracked |  0
| 155|0x00000000e9b00000, 0x00000000e9b00000, 0x00000000e9c00000|  0%| F|  |TAMS 0x00000000e9b00000| PB 0x00000000e9b00000| Untracked |  0
| 156|0x00000000e9c00000, 0x00000000e9c00000, 0x00000000e9d00000|  0%| F|  |TAMS 0x00000000e9c00000| PB 0x00000000e9c00000| Untracked |  0
| 157|0x00000000e9d00000, 0x00000000e9d00000, 0x00000000e9e00000|  0%| F|  |TAMS 0x00000000e9d00000| PB 0x00000000e9d00000| Untracked |  0
| 158|0x00000000e9e00000, 0x00000000e9e00000, 0x00000000e9f00000|  0%| F|  |TAMS 0x00000000e9e00000| PB 0x00000000e9e00000| Untracked |  0
| 159|0x00000000e9f00000, 0x00000000e9f00000, 0x00000000ea000000|  0%| F|  |TAMS 0x00000000e9f00000| PB 0x00000000e9f00000| Untracked |  0
| 160|0x00000000ea000000, 0x00000000ea000000, 0x00000000ea100000|  0%| F|  |TAMS 0x00000000ea000000| PB 0x00000000ea000000| Untracked |  0
| 161|0x00000000ea100000, 0x00000000ea100000, 0x00000000ea200000|  0%| F|  |TAMS 0x00000000ea100000| PB 0x00000000ea100000| Untracked |  0
| 162|0x00000000ea200000, 0x00000000ea200000, 0x00000000ea300000|  0%| F|  |TAMS 0x00000000ea200000| PB 0x00000000ea200000| Untracked |  0
| 163|0x00000000ea300000, 0x00000000ea300000, 0x00000000ea400000|  0%| F|  |TAMS 0x00000000ea300000| PB 0x00000000ea300000| Untracked |  0
| 164|0x00000000ea400000, 0x00000000ea400000, 0x00000000ea500000|  0%| F|  |TAMS 0x00000000ea400000| PB 0x00000000ea400000| Untracked |  0
| 165|0x00000000ea500000, 0x00000000ea500000, 0x00000000ea600000|  0%| F|  |TAMS 0x00000000ea500000| PB 0x00000000ea500000| Untracked |  0
| 166|0x00000000ea600000, 0x00000000ea600000, 0x00000000ea700000|  0%| F|  |TAMS 0x00000000ea600000| PB 0x00000000ea600000| Untracked |  0
| 167|0x00000000ea700000, 0x00000000ea757ba0, 0x00000000ea800000| 34%| E|  |TAMS 0x00000000ea700000| PB 0x00000000ea700000| Complete |  0
| 168|0x00000000ea800000, 0x00000000ea900000, 0x00000000ea900000|100%| E|CS|TAMS 0x00000000ea800000| PB 0x00000000ea800000| Complete |  0
| 169|0x00000000ea900000, 0x00000000eaa00000, 0x00000000eaa00000|100%| E|CS|TAMS 0x00000000ea900000| PB 0x00000000ea900000| Complete |  0
| 170|0x00000000eaa00000, 0x00000000eab00000, 0x00000000eab00000|100%| E|CS|TAMS 0x00000000eaa00000| PB 0x00000000eaa00000| Complete |  0
| 171|0x00000000eab00000, 0x00000000eac00000, 0x00000000eac00000|100%| E|CS|TAMS 0x00000000eab00000| PB 0x00000000eab00000| Complete |  0
| 172|0x00000000eac00000, 0x00000000ead00000, 0x00000000ead00000|100%| E|CS|TAMS 0x00000000eac00000| PB 0x00000000eac00000| Complete |  0
| 173|0x00000000ead00000, 0x00000000eae00000, 0x00000000eae00000|100%| E|CS|TAMS 0x00000000ead00000| PB 0x00000000ead00000| Complete |  0
| 174|0x00000000eae00000, 0x00000000eaf00000, 0x00000000eaf00000|100%| E|CS|TAMS 0x00000000eae00000| PB 0x00000000eae00000| Complete |  0
| 175|0x00000000eaf00000, 0x00000000eb000000, 0x00000000eb000000|100%| E|CS|TAMS 0x00000000eaf00000| PB 0x00000000eaf00000| Complete |  0
| 176|0x00000000eb000000, 0x00000000eb100000, 0x00000000eb100000|100%| E|CS|TAMS 0x00000000eb000000| PB 0x00000000eb000000| Complete |  0
| 177|0x00000000eb100000, 0x00000000eb200000, 0x00000000eb200000|100%| E|CS|TAMS 0x00000000eb100000| PB 0x00000000eb100000| Complete |  0
| 178|0x00000000eb200000, 0x00000000eb300000, 0x00000000eb300000|100%| E|CS|TAMS 0x00000000eb200000| PB 0x00000000eb200000| Complete |  0
| 179|0x00000000eb300000, 0x00000000eb400000, 0x00000000eb400000|100%| E|CS|TAMS 0x00000000eb300000| PB 0x00000000eb300000| Complete |  0
| 180|0x00000000eb400000, 0x00000000eb500000, 0x00000000eb500000|100%| E|CS|TAMS 0x00000000eb400000| PB 0x00000000eb400000| Complete |  0
| 181|0x00000000eb500000, 0x00000000eb600000, 0x00000000eb600000|100%| E|CS|TAMS 0x00000000eb500000| PB 0x00000000eb500000| Complete |  0
| 182|0x00000000eb600000, 0x00000000eb700000, 0x00000000eb700000|100%| E|CS|TAMS 0x00000000eb600000| PB 0x00000000eb600000| Complete |  0
| 183|0x00000000eb700000, 0x00000000eb800000, 0x00000000eb800000|100%| E|CS|TAMS 0x00000000eb700000| PB 0x00000000eb700000| Complete |  0
| 184|0x00000000eb800000, 0x00000000eb900000, 0x00000000eb900000|100%| E|CS|TAMS 0x00000000eb800000| PB 0x00000000eb800000| Complete |  0
| 185|0x00000000eb900000, 0x00000000eba00000, 0x00000000eba00000|100%| E|CS|TAMS 0x00000000eb900000| PB 0x00000000eb900000| Complete |  0
| 186|0x00000000eba00000, 0x00000000ebb00000, 0x00000000ebb00000|100%| E|CS|TAMS 0x00000000eba00000| PB 0x00000000eba00000| Complete |  0
| 187|0x00000000ebb00000, 0x00000000ebc00000, 0x00000000ebc00000|100%| E|CS|TAMS 0x00000000ebb00000| PB 0x00000000ebb00000| Complete |  0
| 188|0x00000000ebc00000, 0x00000000ebd00000, 0x00000000ebd00000|100%| E|CS|TAMS 0x00000000ebc00000| PB 0x00000000ebc00000| Complete |  0
| 189|0x00000000ebd00000, 0x00000000ebe00000, 0x00000000ebe00000|100%| E|CS|TAMS 0x00000000ebd00000| PB 0x00000000ebd00000| Complete |  0
| 190|0x00000000ebe00000, 0x00000000ebf00000, 0x00000000ebf00000|100%| E|CS|TAMS 0x00000000ebe00000| PB 0x00000000ebe00000| Complete |  0
| 191|0x00000000ebf00000, 0x00000000ec000000, 0x00000000ec000000|100%| E|CS|TAMS 0x00000000ebf00000| PB 0x00000000ebf00000| Complete |  0
| 192|0x00000000ec000000, 0x00000000ec100000, 0x00000000ec100000|100%| E|CS|TAMS 0x00000000ec000000| PB 0x00000000ec000000| Complete |  0
| 193|0x00000000ec100000, 0x00000000ec200000, 0x00000000ec200000|100%| E|CS|TAMS 0x00000000ec100000| PB 0x00000000ec100000| Complete |  0
| 194|0x00000000ec200000, 0x00000000ec300000, 0x00000000ec300000|100%| E|CS|TAMS 0x00000000ec200000| PB 0x00000000ec200000| Complete |  0
| 195|0x00000000ec300000, 0x00000000ec400000, 0x00000000ec400000|100%| E|CS|TAMS 0x00000000ec300000| PB 0x00000000ec300000| Complete |  0
| 196|0x00000000ec400000, 0x00000000ec500000, 0x00000000ec500000|100%| E|CS|TAMS 0x00000000ec400000| PB 0x00000000ec400000| Complete |  0
| 197|0x00000000ec500000, 0x00000000ec600000, 0x00000000ec600000|100%| E|CS|TAMS 0x00000000ec500000| PB 0x00000000ec500000| Complete |  0
| 198|0x00000000ec600000, 0x00000000ec700000, 0x00000000ec700000|100%| E|CS|TAMS 0x00000000ec600000| PB 0x00000000ec600000| Complete |  0
| 199|0x00000000ec700000, 0x00000000ec800000, 0x00000000ec800000|100%| E|CS|TAMS 0x00000000ec700000| PB 0x00000000ec700000| Complete |  0
| 200|0x00000000ec800000, 0x00000000ec900000, 0x00000000ec900000|100%| E|CS|TAMS 0x00000000ec800000| PB 0x00000000ec800000| Complete |  0
| 201|0x00000000ec900000, 0x00000000eca00000, 0x00000000eca00000|100%| E|CS|TAMS 0x00000000ec900000| PB 0x00000000ec900000| Complete |  0
| 202|0x00000000eca00000, 0x00000000ecb00000, 0x00000000ecb00000|100%| E|CS|TAMS 0x00000000eca00000| PB 0x00000000eca00000| Complete |  0
| 203|0x00000000ecb00000, 0x00000000ecc00000, 0x00000000ecc00000|100%| E|CS|TAMS 0x00000000ecb00000| PB 0x00000000ecb00000| Complete |  0
| 204|0x00000000ecc00000, 0x00000000ecd00000, 0x00000000ecd00000|100%| E|CS|TAMS 0x00000000ecc00000| PB 0x00000000ecc00000| Complete |  0
| 205|0x00000000ecd00000, 0x00000000ece00000, 0x00000000ece00000|100%| E|CS|TAMS 0x00000000ecd00000| PB 0x00000000ecd00000| Complete |  0
| 206|0x00000000ece00000, 0x00000000ecf00000, 0x00000000ecf00000|100%| E|CS|TAMS 0x00000000ece00000| PB 0x00000000ece00000| Complete |  0
| 207|0x00000000ecf00000, 0x00000000ed000000, 0x00000000ed000000|100%| E|CS|TAMS 0x00000000ecf00000| PB 0x00000000ecf00000| Complete |  0
| 208|0x00000000ed000000, 0x00000000ed100000, 0x00000000ed100000|100%| E|CS|TAMS 0x00000000ed000000| PB 0x00000000ed000000| Complete |  0
| 209|0x00000000ed100000, 0x00000000ed200000, 0x00000000ed200000|100%| E|CS|TAMS 0x00000000ed100000| PB 0x00000000ed100000| Complete |  0
| 210|0x00000000ed200000, 0x00000000ed300000, 0x00000000ed300000|100%| E|CS|TAMS 0x00000000ed200000| PB 0x00000000ed200000| Complete |  0
| 211|0x00000000ed300000, 0x00000000ed400000, 0x00000000ed400000|100%| E|CS|TAMS 0x00000000ed300000| PB 0x00000000ed300000| Complete |  0
| 212|0x00000000ed400000, 0x00000000ed500000, 0x00000000ed500000|100%| E|CS|TAMS 0x00000000ed400000| PB 0x00000000ed400000| Complete |  0
| 213|0x00000000ed500000, 0x00000000ed600000, 0x00000000ed600000|100%| E|CS|TAMS 0x00000000ed500000| PB 0x00000000ed500000| Complete |  0
| 214|0x00000000ed600000, 0x00000000ed700000, 0x00000000ed700000|100%| E|CS|TAMS 0x00000000ed600000| PB 0x00000000ed600000| Complete |  0
| 215|0x00000000ed700000, 0x00000000ed800000, 0x00000000ed800000|100%| E|CS|TAMS 0x00000000ed700000| PB 0x00000000ed700000| Complete |  0
| 216|0x00000000ed800000, 0x00000000ed900000, 0x00000000ed900000|100%| E|CS|TAMS 0x00000000ed800000| PB 0x00000000ed800000| Complete |  0
| 217|0x00000000ed900000, 0x00000000eda00000, 0x00000000eda00000|100%| E|CS|TAMS 0x00000000ed900000| PB 0x00000000ed900000| Complete |  0
| 218|0x00000000eda00000, 0x00000000edb00000, 0x00000000edb00000|100%| E|CS|TAMS 0x00000000eda00000| PB 0x00000000eda00000| Complete |  0
| 219|0x00000000edb00000, 0x00000000edc00000, 0x00000000edc00000|100%| E|CS|TAMS 0x00000000edb00000| PB 0x00000000edb00000| Complete |  0
| 220|0x00000000edc00000, 0x00000000edd00000, 0x00000000edd00000|100%| E|CS|TAMS 0x00000000edc00000| PB 0x00000000edc00000| Complete |  0
| 221|0x00000000edd00000, 0x00000000ede00000, 0x00000000ede00000|100%| E|CS|TAMS 0x00000000edd00000| PB 0x00000000edd00000| Complete |  0
| 222|0x00000000ede00000, 0x00000000edf00000, 0x00000000edf00000|100%| E|CS|TAMS 0x00000000ede00000| PB 0x00000000ede00000| Complete |  0
| 223|0x00000000edf00000, 0x00000000ee000000, 0x00000000ee000000|100%| E|CS|TAMS 0x00000000edf00000| PB 0x00000000edf00000| Complete |  0
| 224|0x00000000ee000000, 0x00000000ee100000, 0x00000000ee100000|100%| E|CS|TAMS 0x00000000ee000000| PB 0x00000000ee000000| Complete |  0
| 225|0x00000000ee100000, 0x00000000ee200000, 0x00000000ee200000|100%| E|CS|TAMS 0x00000000ee100000| PB 0x00000000ee100000| Complete |  0
| 226|0x00000000ee200000, 0x00000000ee300000, 0x00000000ee300000|100%| E|CS|TAMS 0x00000000ee200000| PB 0x00000000ee200000| Complete |  0
| 227|0x00000000ee300000, 0x00000000ee400000, 0x00000000ee400000|100%| E|CS|TAMS 0x00000000ee300000| PB 0x00000000ee300000| Complete |  0
| 228|0x00000000ee400000, 0x00000000ee500000, 0x00000000ee500000|100%| E|CS|TAMS 0x00000000ee400000| PB 0x00000000ee400000| Complete |  0
| 229|0x00000000ee500000, 0x00000000ee600000, 0x00000000ee600000|100%| E|CS|TAMS 0x00000000ee500000| PB 0x00000000ee500000| Complete |  0
| 230|0x00000000ee600000, 0x00000000ee700000, 0x00000000ee700000|100%| E|CS|TAMS 0x00000000ee600000| PB 0x00000000ee600000| Complete |  0
| 231|0x00000000ee700000, 0x00000000ee800000, 0x00000000ee800000|100%| E|CS|TAMS 0x00000000ee700000| PB 0x00000000ee700000| Complete |  0
| 232|0x00000000ee800000, 0x00000000ee900000, 0x00000000ee900000|100%| E|CS|TAMS 0x00000000ee800000| PB 0x00000000ee800000| Complete |  0
| 233|0x00000000ee900000, 0x00000000eea00000, 0x00000000eea00000|100%| E|CS|TAMS 0x00000000ee900000| PB 0x00000000ee900000| Complete |  0
| 234|0x00000000eea00000, 0x00000000eeb00000, 0x00000000eeb00000|100%| E|CS|TAMS 0x00000000eea00000| PB 0x00000000eea00000| Complete |  0
| 235|0x00000000eeb00000, 0x00000000eec00000, 0x00000000eec00000|100%| E|CS|TAMS 0x00000000eeb00000| PB 0x00000000eeb00000| Complete |  0
| 236|0x00000000eec00000, 0x00000000eed00000, 0x00000000eed00000|100%| E|CS|TAMS 0x00000000eec00000| PB 0x00000000eec00000| Complete |  0
| 237|0x00000000eed00000, 0x00000000eee00000, 0x00000000eee00000|100%| E|CS|TAMS 0x00000000eed00000| PB 0x00000000eed00000| Complete |  0
| 238|0x00000000eee00000, 0x00000000eef00000, 0x00000000eef00000|100%| E|CS|TAMS 0x00000000eee00000| PB 0x00000000eee00000| Complete |  0
| 239|0x00000000eef00000, 0x00000000ef000000, 0x00000000ef000000|100%| E|CS|TAMS 0x00000000eef00000| PB 0x00000000eef00000| Complete |  0
| 240|0x00000000ef000000, 0x00000000ef100000, 0x00000000ef100000|100%| E|CS|TAMS 0x00000000ef000000| PB 0x00000000ef000000| Complete |  0
| 241|0x00000000ef100000, 0x00000000ef200000, 0x00000000ef200000|100%| E|CS|TAMS 0x00000000ef100000| PB 0x00000000ef100000| Complete |  0
| 242|0x00000000ef200000, 0x00000000ef300000, 0x00000000ef300000|100%| E|CS|TAMS 0x00000000ef200000| PB 0x00000000ef200000| Complete |  0
| 243|0x00000000ef300000, 0x00000000ef400000, 0x00000000ef400000|100%| E|CS|TAMS 0x00000000ef300000| PB 0x00000000ef300000| Complete |  0
| 244|0x00000000ef400000, 0x00000000ef500000, 0x00000000ef500000|100%| E|CS|TAMS 0x00000000ef400000| PB 0x00000000ef400000| Complete |  0
| 245|0x00000000ef500000, 0x00000000ef600000, 0x00000000ef600000|100%| E|CS|TAMS 0x00000000ef500000| PB 0x00000000ef500000| Complete |  0
| 246|0x00000000ef600000, 0x00000000ef700000, 0x00000000ef700000|100%| E|CS|TAMS 0x00000000ef600000| PB 0x00000000ef600000| Complete |  0
| 247|0x00000000ef700000, 0x00000000ef800000, 0x00000000ef800000|100%| E|CS|TAMS 0x00000000ef700000| PB 0x00000000ef700000| Complete |  0
| 248|0x00000000ef800000, 0x00000000ef900000, 0x00000000ef900000|100%| E|CS|TAMS 0x00000000ef800000| PB 0x00000000ef800000| Complete |  0
| 249|0x00000000ef900000, 0x00000000efa00000, 0x00000000efa00000|100%| E|CS|TAMS 0x00000000ef900000| PB 0x00000000ef900000| Complete |  0
| 250|0x00000000efa00000, 0x00000000efb00000, 0x00000000efb00000|100%| E|CS|TAMS 0x00000000efa00000| PB 0x00000000efa00000| Complete |  0
| 251|0x00000000efb00000, 0x00000000efc00000, 0x00000000efc00000|100%| E|CS|TAMS 0x00000000efb00000| PB 0x00000000efb00000| Complete |  0
| 254|0x00000000efe00000, 0x00000000eff00000, 0x00000000eff00000|100%| E|CS|TAMS 0x00000000efe00000| PB 0x00000000efe00000| Complete |  0
| 255|0x00000000eff00000, 0x00000000f0000000, 0x00000000f0000000|100%| E|CS|TAMS 0x00000000eff00000| PB 0x00000000eff00000| Complete |  0
| 510|0x00000000ffe00000, 0x00000000fff00000, 0x00000000fff00000|100%| O|  |TAMS 0x00000000ffe00000| PB 0x00000000ffe00000| Untracked |  0
| 511|0x00000000fff00000, 0x0000000100000000, 0x0000000100000000|100%| E|CS|TAMS 0x00000000fff00000| PB 0x00000000fff00000| Complete |  0

Card table byte_map: [0x000001512bbf0000,0x000001512bcf0000] _byte_map_base: 0x000001512b4f0000

Marking Bits: (CMBitMap*) 0x00000151127023b0
 Bits: [0x000001512bcf0000, 0x000001512c4f0000)

Polling page: 0x0000015110670000

Metaspace:
Metaspace        used 91627K, committed 94016K, reserved 458752K
 class space     used 10479K, committed 11584K, reserved 327680K

Usage:
  Non-class:     79.25 MB used.
      Class:     10.23 MB used.
       Both:     89.48 MB used.

Virtual space:
  Non-class space:      128.00 MB reserved,      80.50 MB ( 63%) committed,  2 nodes.
      Class space:      320.00 MB reserved,      11.31 MB (  4%) committed,  1 nodes.
             Both:      448.00 MB reserved,      91.81 MB ( 20%) committed. 

Chunk freelists:
   Non-Class:  15.51 MB
       Class:  4.69 MB
        Both:  20.20 MB

MaxMetaspaceSize: 384.00 MB
CompressedClassSpaceSize: 320.00 MB
Initial GC threshold: 21.00 MB
Current GC threshold: 144.38 MB
CDS: on
 - commit_granule_bytes: 65536.
 - commit_granule_words: 8192.
 - virtual_space_node_default_size: 8388608.
 - enlarge_chunks_in_place: 1.
UseCompressedClassPointers 1, UseCompactObjectHeaders 0
Narrow klass pointer bits 32, Max shift 3
Narrow klass base: 0x0000000094000000, Narrow klass shift: 0
Encoding Range: [0x0000000094000000 - 0x0000000194000000), (4294967296 bytes)
Klass Range:    [0x0000000094010000 - 0x00000000a9000000), (352256000 bytes)
Klass ID Range:  [65536 - 352321529) (352255993)
Protection zone: [0x0000000094000000 - 0x0000000094010000), (65536 bytes)


Internal statistics:

num_allocs_failed_limit: 18.
num_arena_births: 4330.
num_arena_deaths: 0.
num_vsnodes_births: 3.
num_vsnodes_deaths: 0.
num_space_committed: 1469.
num_space_uncommitted: 0.
num_chunks_returned_to_freelist: 18.
num_chunks_taken_from_freelist: 8450.
num_chunk_merges: 12.
num_chunk_splits: 5556.
num_chunks_enlarged: 3509.
num_inconsistent_stats: 0.

CodeHeap 'non-profiled nmethods': size=120064Kb used=8171Kb max_used=8171Kb free=111892Kb
 bounds [0x0000015124170000, 0x0000015124970000, 0x000001512b6b0000]
CodeHeap 'profiled nmethods': size=120000Kb used=30385Kb max_used=30385Kb free=89614Kb
 bounds [0x000001511c6b0000, 0x000001511e460000, 0x0000015123be0000]
CodeHeap 'non-nmethods': size=5696Kb used=2067Kb max_used=2128Kb free=3628Kb
 bounds [0x0000015123be0000, 0x0000015123e50000, 0x0000015124170000]
CodeCache: size=245760Kb, used=40623Kb, max_used=40684Kb, free=205134Kb
 total_blobs=19394, nmethods=18485, adapters=811, full_count=0
Compilation: enabled, stopped_count=0, restarted_count=0

Compilation events (20 events):
Event: 66.203 Thread 0x000001512eebfc80 nmethod 19927 0x0000015124967608 code [0x0000015124967700, 0x00000151249679c8]
Event: 68.273 Thread 0x000001512eec32a0 19928       3       java.util.concurrent.ThreadPoolExecutor::isShutdown (12 bytes)
Event: 68.274 Thread 0x000001512eec32a0 nmethod 19928 0x000001511e45ac08 code [0x000001511e45ad00, 0x000001511e45af50]
Event: 69.274 Thread 0x000001512eec32a0 19929       3       java.util.concurrent.ScheduledThreadPoolExecutor::canRunInCurrentRunState (61 bytes)
Event: 69.275 Thread 0x000001512eec32a0 nmethod 19929 0x000001511e45af88 code [0x000001511e45b080, 0x000001511e45b8e8]
Event: 72.273 Thread 0x000001512eebfc80 19930       4       java.util.ComparableTimSort::binarySort (223 bytes)
Event: 72.290 Thread 0x000001512eebfc80 nmethod 19930 0x0000015124967a08 code [0x0000015124967b00, 0x0000015124968e60]
Event: 75.129 Thread 0x000001512eebfc80 19931       4       java.util.concurrent.locks.AbstractQueuedSynchronizer$ConditionObject::enableWait (84 bytes)
Event: 75.135 Thread 0x000001512eebfc80 nmethod 19931 0x0000015124968e88 code [0x0000015124968f80, 0x0000015124969700]
Event: 81.275 Thread 0x000001512eec32a0 19932       3       java.util.HashMap$Values::spliterator (16 bytes)
Event: 81.275 Thread 0x000001512eec32a0 nmethod 19932 0x000001511e45b908 code [0x000001511e45ba00, 0x000001511e45bbc0]
Event: 81.275 Thread 0x000001512eec32a0 19933       3       java.util.HashMap$ValueSpliterator::<init> (12 bytes)
Event: 81.275 Thread 0x000001512eec32a0 nmethod 19933 0x000001511e45bc08 code [0x000001511e45bd00, 0x000001511e45bf28]
Event: 83.375 Thread 0x000001512eebfc80 19934       4       java.util.concurrent.locks.AbstractQueuedSynchronizer$ConditionObject::awaitNanos (202 bytes)
Event: 83.391 Thread 0x000001512eebfc80 nmethod 19934 0x0000015124969788 code [0x0000015124969880, 0x000001512496af38]
Event: 89.460 Thread 0x000001512eec32a0 19935       3       jdk.internal.classfile.impl.SplitConstantPool::nameAndTypeEntry (7 bytes)
Event: 89.461 Thread 0x000001512eec32a0 nmethod 19935 0x000001511e45bf88 code [0x000001511e45c080, 0x000001511e45c238]
Event: 91.583 Thread 0x000001512eec32a0 19936       3       sun.nio.ch.FileKey::hashCode (15 bytes)
Event: 91.583 Thread 0x000001512eec32a0 nmethod 19936 0x000001511e45c288 code [0x000001511e45c380, 0x000001511e45c498]
Event: 98.273 Thread 0x000001512eebfc80 19937       4       javax.management.ObjectName::construct (1135 bytes)

GC Heap Usage History (20 events):
Event: 3.957 {heap Before GC invocations=5 (full 0):
 garbage-first heap   total reserved 524288K, committed 262144K, used 33714K [0x00000000e0000000, 0x0000000100000000)
  region size 1024K, 19 young (19456K), 16 survivors (16384K)
}
Event: 3.969 {heap After GC invocations=6 (full 0):
 garbage-first heap   total reserved 524288K, committed 262144K, used 32453K [0x00000000e0000000, 0x0000000100000000)
  region size 1024K, 8 young (8192K), 8 survivors (8192K)
}
Event: 3.990 {heap Before GC invocations=6 (full 0):
 garbage-first heap   total reserved 524288K, committed 262144K, used 33477K [0x00000000e0000000, 0x0000000100000000)
  region size 1024K, 10 young (10240K), 8 survivors (8192K)
}
Event: 3.996 {heap After GC invocations=7 (full 0):
 garbage-first heap   total reserved 524288K, committed 262144K, used 32140K [0x00000000e0000000, 0x0000000100000000)
  region size 1024K, 8 young (8192K), 8 survivors (8192K)
}
Event: 6.175 {heap Before GC invocations=8 (full 0):
 garbage-first heap   total reserved 524288K, committed 262144K, used 182668K [0x00000000e0000000, 0x0000000100000000)
  region size 1024K, 153 young (156672K), 8 survivors (8192K)
}
Event: 6.187 {heap After GC invocations=9 (full 0):
 garbage-first heap   total reserved 524288K, committed 262144K, used 44187K [0x00000000e0000000, 0x0000000100000000)
  region size 1024K, 18 young (18432K), 18 survivors (18432K)
}
Event: 10.127 {heap Before GC invocations=9 (full 0):
 garbage-first heap   total reserved 524288K, committed 262144K, used 119963K [0x00000000e0000000, 0x0000000100000000)
  region size 1024K, 93 young (95232K), 18 survivors (18432K)
}
Event: 10.141 {heap After GC invocations=10 (full 0):
 garbage-first heap   total reserved 524288K, committed 262144K, used 49900K [0x00000000e0000000, 0x0000000100000000)
  region size 1024K, 17 young (17408K), 17 survivors (17408K)
}
Event: 10.174 {heap Before GC invocations=10 (full 0):
 garbage-first heap   total reserved 524288K, committed 262144K, used 52972K [0x00000000e0000000, 0x0000000100000000)
  region size 1024K, 21 young (21504K), 17 survivors (17408K)
}
Event: 10.186 {heap After GC invocations=11 (full 0):
 garbage-first heap   total reserved 524288K, committed 262144K, used 50743K [0x00000000e0000000, 0x0000000100000000)
  region size 1024K, 7 young (7168K), 7 survivors (7168K)
}
Event: 12.265 {heap Before GC invocations=12 (full 0):
 garbage-first heap   total reserved 524288K, committed 262144K, used 200247K [0x00000000e0000000, 0x0000000100000000)
  region size 1024K, 153 young (156672K), 7 survivors (7168K)
}
Event: 12.280 {heap After GC invocations=13 (full 0):
 garbage-first heap   total reserved 524288K, committed 262144K, used 63254K [0x00000000e0000000, 0x0000000100000000)
  region size 1024K, 19 young (19456K), 19 survivors (19456K)
}
Event: 14.146 {heap Before GC invocations=13 (full 0):
 garbage-first heap   total reserved 524288K, committed 262144K, used 202518K [0x00000000e0000000, 0x0000000100000000)
  region size 1024K, 153 young (156672K), 19 survivors (19456K)
}
Event: 14.172 {heap After GC invocations=14 (full 0):
 garbage-first heap   total reserved 524288K, committed 262144K, used 84922K [0x00000000e0000000, 0x0000000100000000)
  region size 1024K, 20 young (20480K), 20 survivors (20480K)
}
Event: 15.976 {heap Before GC invocations=14 (full 0):
 garbage-first heap   total reserved 524288K, committed 262144K, used 218042K [0x00000000e0000000, 0x0000000100000000)
  region size 1024K, 150 young (153600K), 20 survivors (20480K)
}
Event: 15.997 {heap After GC invocations=15 (full 0):
 garbage-first heap   total reserved 524288K, committed 262144K, used 93696K [0x00000000e0000000, 0x0000000100000000)
  region size 1024K, 17 young (17408K), 17 survivors (17408K)
}
Event: 57.334 {heap Before GC invocations=15 (full 0):
 garbage-first heap   total reserved 524288K, committed 262144K, used 217600K [0x00000000e0000000, 0x0000000100000000)
  region size 1024K, 139 young (142336K), 17 survivors (17408K)
}
Event: 57.358 {heap After GC invocations=16 (full 0):
 garbage-first heap   total reserved 524288K, committed 262144K, used 105755K [0x00000000e0000000, 0x0000000100000000)
  region size 1024K, 13 young (13312K), 13 survivors (13312K)
}
Event: 58.708 {heap Before GC invocations=17 (full 0):
 garbage-first heap   total reserved 524288K, committed 262144K, used 222491K [0x00000000e0000000, 0x0000000100000000)
  region size 1024K, 127 young (130048K), 13 survivors (13312K)
}
Event: 58.727 {heap After GC invocations=18 (full 0):
 garbage-first heap   total reserved 524288K, committed 262144K, used 111550K [0x00000000e0000000, 0x0000000100000000)
  region size 1024K, 10 young (10240K), 10 survivors (10240K)
}

Metaspace Usage History (20 events):
Event: 3.957 {metaspace Before GC invocations=5 (full 0):
 Metaspace       used 35111K, committed 36480K, reserved 393216K
  class space    used 3878K, committed 4544K, reserved 327680K
}
Event: 3.969 {metaspace After GC invocations=6 (full 0):
 Metaspace       used 35111K, committed 36480K, reserved 393216K
  class space    used 3878K, committed 4544K, reserved 327680K
}
Event: 3.990 {metaspace Before GC invocations=6 (full 0):
 Metaspace       used 35480K, committed 36800K, reserved 393216K
  class space    used 3892K, committed 4544K, reserved 327680K
}
Event: 3.996 {metaspace After GC invocations=7 (full 0):
 Metaspace       used 35480K, committed 36800K, reserved 393216K
  class space    used 3892K, committed 4544K, reserved 327680K
}
Event: 6.175 {metaspace Before GC invocations=8 (full 0):
 Metaspace       used 50121K, committed 52032K, reserved 393216K
  class space    used 5816K, committed 6720K, reserved 327680K
}
Event: 6.187 {metaspace After GC invocations=9 (full 0):
 Metaspace       used 50121K, committed 52032K, reserved 393216K
  class space    used 5816K, committed 6720K, reserved 327680K
}
Event: 10.127 {metaspace Before GC invocations=9 (full 0):
 Metaspace       used 59577K, committed 61696K, reserved 393216K
  class space    used 6849K, committed 7872K, reserved 327680K
}
Event: 10.141 {metaspace After GC invocations=10 (full 0):
 Metaspace       used 59577K, committed 61696K, reserved 393216K
  class space    used 6849K, committed 7872K, reserved 327680K
}
Event: 10.174 {metaspace Before GC invocations=10 (full 0):
 Metaspace       used 59911K, committed 62016K, reserved 393216K
  class space    used 6899K, committed 7936K, reserved 327680K
}
Event: 10.186 {metaspace After GC invocations=11 (full 0):
 Metaspace       used 59911K, committed 62016K, reserved 393216K
  class space    used 6899K, committed 7936K, reserved 327680K
}
Event: 12.265 {metaspace Before GC invocations=12 (full 0):
 Metaspace       used 66371K, committed 68672K, reserved 393216K
  class space    used 7620K, committed 8704K, reserved 327680K
}
Event: 12.280 {metaspace After GC invocations=13 (full 0):
 Metaspace       used 66371K, committed 68672K, reserved 393216K
  class space    used 7620K, committed 8704K, reserved 327680K
}
Event: 14.146 {metaspace Before GC invocations=13 (full 0):
 Metaspace       used 77462K, committed 79872K, reserved 458752K
  class space    used 8885K, committed 10048K, reserved 327680K
}
Event: 14.172 {metaspace After GC invocations=14 (full 0):
 Metaspace       used 77462K, committed 79872K, reserved 458752K
  class space    used 8885K, committed 10048K, reserved 327680K
}
Event: 15.976 {metaspace Before GC invocations=14 (full 0):
 Metaspace       used 81669K, committed 84032K, reserved 458752K
  class space    used 9268K, committed 10368K, reserved 327680K
}
Event: 15.997 {metaspace After GC invocations=15 (full 0):
 Metaspace       used 81669K, committed 84032K, reserved 458752K
  class space    used 9268K, committed 10368K, reserved 327680K
}
Event: 57.334 {metaspace Before GC invocations=15 (full 0):
 Metaspace       used 86319K, committed 88704K, reserved 458752K
  class space    used 9970K, committed 11072K, reserved 327680K
}
Event: 57.358 {metaspace After GC invocations=16 (full 0):
 Metaspace       used 86319K, committed 88704K, reserved 458752K
  class space    used 9970K, committed 11072K, reserved 327680K
}
Event: 58.708 {metaspace Before GC invocations=17 (full 0):
 Metaspace       used 90593K, committed 92992K, reserved 458752K
  class space    used 10393K, committed 11520K, reserved 327680K
}
Event: 58.727 {metaspace After GC invocations=18 (full 0):
 Metaspace       used 90593K, committed 92992K, reserved 458752K
  class space    used 10393K, committed 11520K, reserved 327680K
}

Dll operation events (14 events):
Event: 0.051 Loaded shared library C:\Users\user\Downloads\Compressed\bellsoft-jdk25+37-windows-amd64-full\jdk-25-full\bin\java.dll
Event: 0.159 Loaded shared library C:\Users\user\Downloads\Compressed\bellsoft-jdk25+37-windows-amd64-full\jdk-25-full\bin\zip.dll
Event: 0.166 Loaded shared library C:\Users\user\Downloads\Compressed\bellsoft-jdk25+37-windows-amd64-full\jdk-25-full\bin\instrument.dll
Event: 0.213 Loaded shared library C:\Users\user\Downloads\Compressed\bellsoft-jdk25+37-windows-amd64-full\jdk-25-full\bin\net.dll
Event: 0.251 Loaded shared library C:\Users\user\Downloads\Compressed\bellsoft-jdk25+37-windows-amd64-full\jdk-25-full\bin\nio.dll
Event: 0.254 Loaded shared library C:\Users\user\Downloads\Compressed\bellsoft-jdk25+37-windows-amd64-full\jdk-25-full\bin\zip.dll
Event: 0.379 Loaded shared library C:\Users\user\Downloads\Compressed\bellsoft-jdk25+37-windows-amd64-full\jdk-25-full\bin\jimage.dll
Event: 0.543 Loaded shared library C:\Users\user\Downloads\Compressed\bellsoft-jdk25+37-windows-amd64-full\jdk-25-full\bin\verify.dll
Event: 0.567 Loaded shared library C:\Users\user\.gradle\native\660c5614fbf4a5f2a75b1949f50a0caf5cd603558e7d8a26e50b933a0cfb79d1\windows-amd64\native-platform.dll
Event: 0.584 Loaded shared library C:\Users\user\.gradle\native\0.2.8\x86_64-windows-gnu\gradle-fileevents.dll
Event: 1.204 Loaded shared library C:\Users\user\Downloads\Compressed\bellsoft-jdk25+37-windows-amd64-full\jdk-25-full\bin\management.dll
Event: 1.241 Loaded shared library C:\Users\user\Downloads\Compressed\bellsoft-jdk25+37-windows-amd64-full\jdk-25-full\bin\management_ext.dll
Event: 1.434 Loaded shared library C:\Users\user\Downloads\Compressed\bellsoft-jdk25+37-windows-amd64-full\jdk-25-full\bin\extnet.dll
Event: 1.671 Loaded shared library C:\Users\user\Downloads\Compressed\bellsoft-jdk25+37-windows-amd64-full\jdk-25-full\bin\sunmscapi.dll

Deoptimization events (20 events):
Event: 59.520 Thread 0x000001513661d700 Uncommon trap: trap_request=0xffffffc6 fr.pc=0x00000151244ae010 relative=0x0000000000000190
Event: 59.520 Thread 0x000001513661d700 Uncommon trap: reason=bimorphic_or_optimized_type_check action=maybe_recompile pc=0x00000151244ae010 method=com.google.common.collect.RegularImmutableMap.get(Ljava/lang/Object;[Lcom/google/common/collect/ImmutableMapEntry;I)Ljava/lang/Object; @ 54 c2
Event: 59.520 Thread 0x000001513661d700 DEOPT PACKING pc=0x00000151244ae010 sp=0x00000011aacfc800
Event: 59.520 Thread 0x000001513661d700 DEOPT UNPACKING pc=0x0000015123d01082 sp=0x00000011aacfc798 mode 2
Event: 59.551 Thread 0x000001513661d700 Uncommon trap: trap_request=0xffffffd6 fr.pc=0x000001512481b670 relative=0x0000000000000870
Event: 59.551 Thread 0x000001513661d700 Uncommon trap: reason=array_check action=maybe_recompile pc=0x000001512481b670 method=com.google.common.collect.RegularImmutableMap.fromEntryArrayCheckingBucketOverflow(I[Ljava/util/Map$Entry;Z)Lcom/google/common/collect/ImmutableMap; @ 220 c2
Event: 59.551 Thread 0x000001513661d700 DEOPT PACKING pc=0x000001512481b670 sp=0x00000011aacfb430
Event: 59.551 Thread 0x000001513661d700 DEOPT UNPACKING pc=0x0000015123d01082 sp=0x00000011aacfb3d8 mode 2
Event: 59.586 Thread 0x000001513661d700 Uncommon trap: trap_request=0xffffff45 fr.pc=0x00000151248aea40 relative=0x00000000000002c0
Event: 59.586 Thread 0x000001513661d700 Uncommon trap: reason=unstable_if action=reinterpret pc=0x00000151248aea40 method=java.util.TreeMap.put(Ljava/lang/Object;Ljava/lang/Object;Z)Ljava/lang/Object; @ 158 c2
Event: 59.586 Thread 0x000001513661d700 DEOPT PACKING pc=0x00000151248aea40 sp=0x00000011aacfaed0
Event: 59.586 Thread 0x000001513661d700 DEOPT UNPACKING pc=0x0000015123d01082 sp=0x00000011aacfadf8 mode 2
Event: 59.586 Thread 0x000001513661d700 Uncommon trap: trap_request=0xffffff45 fr.pc=0x000001512427ea5c relative=0x00000000000002dc
Event: 59.586 Thread 0x000001513661d700 Uncommon trap: reason=unstable_if action=reinterpret pc=0x000001512427ea5c method=java.util.TreeMap.put(Ljava/lang/Object;Ljava/lang/Object;Z)Ljava/lang/Object; @ 158 c2
Event: 59.586 Thread 0x000001513661d700 DEOPT PACKING pc=0x000001512427ea5c sp=0x00000011aacfae50
Event: 59.586 Thread 0x000001513661d700 DEOPT UNPACKING pc=0x0000015123d01082 sp=0x00000011aacfadf0 mode 2
Event: 59.600 Thread 0x000001513661d700 Uncommon trap: trap_request=0xffffff45 fr.pc=0x00000151242930b0 relative=0x0000000000001490
Event: 59.600 Thread 0x000001513661d700 Uncommon trap: reason=unstable_if action=reinterpret pc=0x00000151242930b0 method=jdk.internal.classfile.impl.SplitConstantPool.maybeCloneUtf8Entry(Ljava/lang/classfile/constantpool/Utf8Entry;)Ljdk/internal/classfile/impl/AbstractPoolEntry$Utf8EntryImpl; 
Event: 59.600 Thread 0x000001513661d700 DEOPT PACKING pc=0x00000151242930b0 sp=0x00000011aacf9550
Event: 59.600 Thread 0x000001513661d700 DEOPT UNPACKING pc=0x0000015123d01082 sp=0x00000011aacf9440 mode 2

Classes loaded (20 events):
Event: 59.537 Loading class java/util/ArrayList$SubList$2
Event: 59.538 Loading class java/util/ArrayList$SubList$2 done
Event: 59.588 Loading class java/util/CollectionsBeanInfo
Event: 59.588 Loading class java/util/CollectionsBeanInfo done
Event: 59.588 Loading class java/util/CollectionsBeanInfo
Event: 59.588 Loading class java/util/CollectionsBeanInfo done
Event: 59.588 Loading class java/util/CollectionsCustomizer
Event: 59.588 Loading class java/util/CollectionsCustomizer done
Event: 59.589 Loading class java/util/CollectionsCustomizer
Event: 59.589 Loading class java/util/CollectionsCustomizer done
Event: 59.612 Loading class java/lang/ProcessImpl
Event: 59.613 Loading class java/lang/ProcessImpl done
Event: 59.629 Loading class java/lang/ProcessHandleImpl
Event: 59.630 Loading class java/lang/ProcessHandleImpl done
Event: 59.631 Loading class java/lang/Process$PipeOutputStream
Event: 59.631 Loading class java/lang/Process$PipeOutputStream done
Event: 59.631 Loading class java/lang/Process$PipeInputStream
Event: 59.631 Loading class java/lang/Process$PipeInputStream done
Event: 59.631 Loading class jdk/internal/event/ProcessStartEvent
Event: 59.632 Loading class jdk/internal/event/ProcessStartEvent done

Classes unloaded (0 events):
No events

Classes redefined (0 events):
No events

Internal exceptions (20 events):
Event: 58.449 Thread 0x000001513521a400 Exception <a 'java/lang/ClassNotFoundException'{0x00000000e9cc54f0}: java/lang/SystemCustomizer> (0x00000000e9cc54f0) 
thrown [s\src\hotspot\share\classfile\systemDictionary.cpp, line 327]
Event: 58.454 Thread 0x000001513521a400 Exception <a 'java/lang/ClassNotFoundException'{0x00000000e9b77068}: org/gradle/api/internal/tasks/DefaultSourceSetContainer_DecoratedBeanInfo> (0x00000000e9b77068) 
thrown [s\src\hotspot\share\classfile\systemDictionary.cpp, line 327]
Event: 58.454 Thread 0x000001513521a400 Exception <a 'java/lang/ClassNotFoundException'{0x00000000e9b842c8}: org/gradle/api/internal/tasks/DefaultSourceSetContainerBeanInfo> (0x00000000e9b842c8) 
thrown [s\src\hotspot\share\classfile\systemDictionary.cpp, line 327]
Event: 58.455 Thread 0x000001513521a400 Exception <a 'java/lang/ClassNotFoundException'{0x00000000e9b8f7f0}: org/gradle/api/internal/AbstractValidatingNamedDomainObjectContainerBeanInfo> (0x00000000e9b8f7f0) 
thrown [s\src\hotspot\share\classfile\systemDictionary.cpp, line 327]
Event: 58.455 Thread 0x000001513521a400 Exception <a 'java/lang/ClassNotFoundException'{0x00000000e9b9aca8}: org/gradle/api/internal/AbstractNamedDomainObjectContainerBeanInfo> (0x00000000e9b9aca8) 
thrown [s\src\hotspot\share\classfile\systemDictionary.cpp, line 327]
Event: 58.455 Thread 0x000001513521a400 Exception <a 'java/lang/ClassNotFoundException'{0x00000000e9ba6148}: org/gradle/api/internal/AbstractNamedDomainObjectContainerCustomizer> (0x00000000e9ba6148) 
thrown [s\src\hotspot\share\classfile\systemDictionary.cpp, line 327]
Event: 58.457 Thread 0x000001513521a400 Exception <a 'java/lang/ClassNotFoundException'{0x00000000e9a12890}: org/gradle/api/internal/AbstractValidatingNamedDomainObjectContainerCustomizer> (0x00000000e9a12890) 
thrown [s\src\hotspot\share\classfile\systemDictionary.cpp, line 327]
Event: 58.457 Thread 0x000001513521a400 Exception <a 'java/lang/ClassNotFoundException'{0x00000000e9a2ddb8}: org/gradle/api/internal/tasks/DefaultSourceSetContainerCustomizer> (0x00000000e9a2ddb8) 
thrown [s\src\hotspot\share\classfile\systemDictionary.cpp, line 327]
Event: 58.459 Thread 0x000001513521a400 Exception <a 'java/lang/ClassNotFoundException'{0x00000000e9a9ae88}: org/gradle/api/internal/tasks/DefaultSourceSetContainer_DecoratedCustomizer> (0x00000000e9a9ae88) 
thrown [s\src\hotspot\share\classfile\systemDictionary.cpp, line 327]
Event: 58.463 Thread 0x000001513521a400 Exception <a 'java/lang/ClassNotFoundException'{0x00000000e9906828}: org/gradle/api/internal/tasks/DefaultSourceSet_DecoratedBeanInfo> (0x00000000e9906828) 
thrown [s\src\hotspot\share\classfile\systemDictionary.cpp, line 327]
Event: 58.464 Thread 0x000001513521a400 Exception <a 'java/lang/ClassNotFoundException'{0x00000000e9913770}: org/gradle/api/internal/tasks/DefaultSourceSetBeanInfo> (0x00000000e9913770) 
thrown [s\src\hotspot\share\classfile\systemDictionary.cpp, line 327]
Event: 58.464 Thread 0x000001513521a400 Exception <a 'java/lang/ClassNotFoundException'{0x00000000e9920678}: org/gradle/api/internal/tasks/DefaultSourceSetCustomizer> (0x00000000e9920678) 
thrown [s\src\hotspot\share\classfile\systemDictionary.cpp, line 327]
Event: 58.465 Thread 0x000001513521a400 Exception <a 'java/lang/ClassNotFoundException'{0x00000000e994f7d8}: org/gradle/api/internal/tasks/DefaultSourceSet_DecoratedCustomizer> (0x00000000e994f7d8) 
thrown [s\src\hotspot\share\classfile\systemDictionary.cpp, line 327]
Event: 59.402 Thread 0x000001513521a400 Exception <a 'java/lang/NoSuchMethodError'{0x00000000eb7326c8}: 'void java.lang.invoke.DirectMethodHandle$Holder.invokeSpecial(java.lang.Object, java.lang.Object, java.lang.Object, java.lang.Object, java.lang.Object, java.lang.Object, java.lang.Object, java.lang.Object, java.lang.Object)'> (0x00000000eb7326c8) 
thrown [s\src\hotspot\share\interpreter\linkResolver.cpp, line 804]
Event: 59.588 Thread 0x000001513661d700 Exception <a 'java/lang/ClassNotFoundException'{0x00000000eaa43728}: java/util/CollectionsBeanInfo> (0x00000000eaa43728) 
thrown [s\src\hotspot\share\classfile\systemDictionary.cpp, line 327]
Event: 59.589 Thread 0x000001513661d700 Exception <a 'java/lang/ClassNotFoundException'{0x00000000eaa49008}: java/util/CollectionsCustomizer> (0x00000000eaa49008) 
thrown [s\src\hotspot\share\classfile\systemDictionary.cpp, line 327]
Event: 59.595 Thread 0x000001513661d700 Exception <a 'java/lang/ClassNotFoundException'{0x00000000eaad6de8}: com/intellij/openapi/externalSystem/rt/execution/ForkedDebuggerHelperBeanInfo> (0x00000000eaad6de8) 
thrown [s\src\hotspot\share\classfile\systemDictionary.cpp, line 327]
Event: 59.596 Thread 0x000001513661d700 Exception <a 'java/lang/ClassNotFoundException'{0x00000000eaae10f8}: com/intellij/openapi/externalSystem/rt/execution/ForkedDebuggerHelperCustomizer> (0x00000000eaae10f8) 
thrown [s\src\hotspot\share\classfile\systemDictionary.cpp, line 327]
Event: 59.628 Thread 0x0000015136210b40 Exception <a 'java/lang/NoSuchMethodError'{0x00000000ea9c7c40}: 'void java.lang.invoke.DirectMethodHandle$Holder.invokeStatic(java.lang.Object, long)'> (0x00000000ea9c7c40) 
thrown [s\src\hotspot\share\interpreter\linkResolver.cpp, line 804]
Event: 59.630 Thread 0x0000015136210b40 Exception <a 'java/lang/NoSuchMethodError'{0x00000000ea9dcce8}: 'java.lang.Object java.lang.invoke.DirectMethodHandle$Holder.invokeStaticInit(java.lang.Object, long, java.lang.Object)'> (0x00000000ea9dcce8) 
thrown [s\src\hotspot\share\interpreter\linkResolver.cpp, line 804]

VM Operations (20 events):
Event: 57.824 Executing non-safepoint VM operation: HandshakeAllThreads (Deoptimize)
Event: 57.824 Executing non-safepoint VM operation: HandshakeAllThreads (Deoptimize) done
Event: 58.049 Executing non-safepoint VM operation: HandshakeAllThreads (Deoptimize)
Event: 58.049 Executing non-safepoint VM operation: HandshakeAllThreads (Deoptimize) done
Event: 58.176 Executing non-safepoint VM operation: HandshakeAllThreads (Deoptimize)
Event: 58.177 Executing non-safepoint VM operation: HandshakeAllThreads (Deoptimize) done
Event: 58.179 Executing non-safepoint VM operation: HandshakeAllThreads (Deoptimize)
Event: 58.179 Executing non-safepoint VM operation: HandshakeAllThreads (Deoptimize) done
Event: 58.427 Executing non-safepoint VM operation: HandshakeAllThreads (Deoptimize)
Event: 58.427 Executing non-safepoint VM operation: HandshakeAllThreads (Deoptimize) done
Event: 58.708 Executing safepoint VM operation: G1CollectForAllocation (G1 Evacuation Pause)
Event: 58.727 Executing safepoint VM operation: G1CollectForAllocation (G1 Evacuation Pause) done
Event: 59.419 Executing non-safepoint VM operation: HandshakeAllThreads (Deoptimize)
Event: 59.419 Executing non-safepoint VM operation: HandshakeAllThreads (Deoptimize) done
Event: 59.426 Executing non-safepoint VM operation: HandshakeAllThreads (Deoptimize)
Event: 59.426 Executing non-safepoint VM operation: HandshakeAllThreads (Deoptimize) done
Event: 60.228 Executing non-safepoint VM operation: HandshakeAllThreads (HandshakeForDeflation)
Event: 60.229 Executing non-safepoint VM operation: HandshakeAllThreads (HandshakeForDeflation) done
Event: 60.229 Executing non-safepoint VM operation: RendezvousGCThreads
Event: 60.229 Executing non-safepoint VM operation: RendezvousGCThreads done

Memory protections (0 events):
No events

Nmethod flushes (20 events):
Event: 57.465 Thread 0x000001512eea1400 flushing  nmethod 0x000001511cdcc308
Event: 57.465 Thread 0x000001512eea1400 flushing  nmethod 0x000001511ce29c08
Event: 57.465 Thread 0x000001512eea1400 flushing  nmethod 0x000001511ce2e208
Event: 57.465 Thread 0x000001512eea1400 flushing  nmethod 0x000001511cec8f08
Event: 57.465 Thread 0x000001512eea1400 flushing osr nmethod 0x000001511cfd9e88
Event: 57.465 Thread 0x000001512eea1400 flushing  nmethod 0x000001511cfe3708
Event: 57.465 Thread 0x000001512eea1400 flushing  nmethod 0x000001511d0c0208
Event: 57.465 Thread 0x000001512eea1400 flushing  nmethod 0x000001511d0ff288
Event: 57.465 Thread 0x000001512eea1400 flushing  nmethod 0x000001511d0ff588
Event: 57.465 Thread 0x000001512eea1400 flushing  nmethod 0x000001511d0ff888
Event: 57.465 Thread 0x000001512eea1400 flushing  nmethod 0x000001511d0ffb88
Event: 57.465 Thread 0x000001512eea1400 flushing  nmethod 0x000001511d100088
Event: 57.465 Thread 0x000001512eea1400 flushing  nmethod 0x000001511d100508
Event: 57.465 Thread 0x000001512eea1400 flushing  nmethod 0x000001511d102e88
Event: 57.465 Thread 0x000001512eea1400 flushing  nmethod 0x000001511d104408
Event: 57.465 Thread 0x000001512eea1400 flushing  nmethod 0x000001511d104708
Event: 57.465 Thread 0x000001512eea1400 flushing  nmethod 0x000001511d108c08
Event: 57.465 Thread 0x000001512eea1400 flushing  nmethod 0x000001511d109b08
Event: 57.465 Thread 0x000001512eea1400 flushing  nmethod 0x000001511d183c88
Event: 57.465 Thread 0x000001512eea1400 flushing  nmethod 0x000001511d1afc88

Events (20 events):
Event: 56.799 Thread 0x000001513521a400 Thread added: 0x000001513521ea50
Event: 56.800 Thread 0x000001513521a400 Thread added: 0x000001513521f9f0
Event: 56.814 Thread 0x000001512eec32a0 Thread added: 0x000001513a135dd0
Event: 59.459 Thread 0x000001513521a400 Thread added: 0x000001513661c760
Event: 59.459 Thread 0x000001513661c760 Thread added: 0x000001513661d700
Event: 59.460 Thread 0x000001513661c760 Thread added: 0x0000015135870160
Event: 59.460 Thread 0x000001513661c760 Thread added: 0x0000015135871100
Event: 59.460 Thread 0x000001513661c760 Thread added: 0x0000015137de3c80
Event: 59.460 Thread 0x000001513661c760 Thread added: 0x000001513620bd20
Event: 59.460 Thread 0x000001513661c760 Thread added: 0x0000015136209610
Event: 59.460 Thread 0x000001513661c760 Thread added: 0x000001513620ad80
Event: 59.464 Thread 0x000001513661d700 Thread added: 0x000001513620dc60
Event: 59.610 Thread 0x000001513661d700 Thread added: 0x0000015136210b40
Event: 59.632 Thread 0x0000015136210b40 Thread added: 0x000001513620f3d0
Event: 59.633 Thread 0x0000015136210b40 Thread added: 0x0000015136211310
Event: 59.633 Thread 0x0000015136210b40 Thread added: 0x000001513620e430
Event: 59.633 Thread 0x0000015136210b40 Thread added: 0x000001513620ec00
Event: 61.274 Thread 0x000001513a135dd0 Thread exited: 0x000001513a135dd0
Event: 63.608 Thread 0x000001513a12e4e0 Thread exited: 0x000001513a12e4e0
Event: 76.475 Thread 0x000001513a377560 Thread exited: 0x000001513a377560


Dynamic libraries:
0x00007ff72bcb0000 - 0x00007ff72bcbe000 	C:\Users\user\Downloads\Compressed\bellsoft-jdk25+37-windows-amd64-full\jdk-25-full\bin\java.exe
0x00007ffb41380000 - 0x00007ffb415e7000 	C:\WINDOWS\SYSTEM32\ntdll.dll
0x00007ffb40200000 - 0x00007ffb402c9000 	C:\WINDOWS\System32\KERNEL32.DLL
0x00007ffb3e960000 - 0x00007ffb3ed54000 	C:\WINDOWS\System32\KERNELBASE.dll
0x00007ffb3dd90000 - 0x00007ffb3dedb000 	C:\WINDOWS\System32\ucrtbase.dll
0x00007ffb2e350000 - 0x00007ffb2e366000 	C:\Users\user\Downloads\Compressed\bellsoft-jdk25+37-windows-amd64-full\jdk-25-full\bin\jli.dll
0x00007ffb174c0000 - 0x00007ffb174db000 	C:\Users\user\Downloads\Compressed\bellsoft-jdk25+37-windows-amd64-full\jdk-25-full\bin\VCRUNTIME140.dll
0x00007ffb40a00000 - 0x00007ffb40bc5000 	C:\WINDOWS\System32\USER32.dll
0x00007ffb21680000 - 0x00007ffb21913000 	C:\WINDOWS\WinSxS\amd64_microsoft.windows.common-controls_6595b64144ccf1df_6.0.26100.8115_none_3e075c82e3354f9c\COMCTL32.dll
0x00007ffb3e750000 - 0x00007ffb3e777000 	C:\WINDOWS\System32\win32u.dll
0x00007ffb3fa20000 - 0x00007ffb3fac9000 	C:\WINDOWS\System32\msvcrt.dll
0x00007ffb40620000 - 0x00007ffb4064b000 	C:\WINDOWS\System32\GDI32.dll
0x00007ffb3e780000 - 0x00007ffb3e8aa000 	C:\WINDOWS\System32\gdi32full.dll
0x00007ffb3e8b0000 - 0x00007ffb3e953000 	C:\WINDOWS\System32\msvcp_win.dll
0x00007ffb3f110000 - 0x00007ffb3f142000 	C:\WINDOWS\System32\IMM32.DLL
0x00007ffb22870000 - 0x00007ffb2287c000 	C:\Users\user\Downloads\Compressed\bellsoft-jdk25+37-windows-amd64-full\jdk-25-full\bin\vcruntime140_1.dll
0x00007ffb16340000 - 0x00007ffb163ce000 	C:\Users\user\Downloads\Compressed\bellsoft-jdk25+37-windows-amd64-full\jdk-25-full\bin\msvcp140.dll
0x00007ffaa0eb0000 - 0x00007ffaa1df1000 	C:\Users\user\Downloads\Compressed\bellsoft-jdk25+37-windows-amd64-full\jdk-25-full\bin\server\jvm.dll
0x00007ffb3f330000 - 0x00007ffb3f3e6000 	C:\WINDOWS\System32\ADVAPI32.dll
0x00007ffb40010000 - 0x00007ffb400b7000 	C:\WINDOWS\System32\sechost.dll
0x00007ffb3f900000 - 0x00007ffb3fa18000 	C:\WINDOWS\System32\RPCRT4.dll
0x00007ffb3ff80000 - 0x00007ffb40000000 	C:\WINDOWS\System32\WS2_32.dll
0x00007ffb3dab0000 - 0x00007ffb3db0e000 	C:\WINDOWS\SYSTEM32\POWRPROF.dll
0x00007ffb25f20000 - 0x00007ffb25f56000 	C:\WINDOWS\SYSTEM32\WINMM.dll
0x00007ffb2be20000 - 0x00007ffb2be2b000 	C:\WINDOWS\SYSTEM32\VERSION.dll
0x00007ffb3da90000 - 0x00007ffb3daa4000 	C:\WINDOWS\SYSTEM32\UMPDC.dll
0x00007ffb3c9a0000 - 0x00007ffb3c9bb000 	C:\WINDOWS\SYSTEM32\kernel.appcore.dll
0x00007ffb227d0000 - 0x00007ffb227da000 	C:\Users\user\Downloads\Compressed\bellsoft-jdk25+37-windows-amd64-full\jdk-25-full\bin\jimage.dll
0x00007ffb3bb60000 - 0x00007ffb3bda2000 	C:\WINDOWS\SYSTEM32\DBGHELP.DLL
0x00007ffb40650000 - 0x00007ffb409d2000 	C:\WINDOWS\System32\combase.dll
0x00007ffb400c0000 - 0x00007ffb40197000 	C:\WINDOWS\System32\OLEAUT32.dll
0x00007ffb1fc60000 - 0x00007ffb1fc9b000 	C:\WINDOWS\SYSTEM32\dbgcore.DLL
0x00007ffb3dc50000 - 0x00007ffb3dcf5000 	C:\WINDOWS\System32\bcryptPrimitives.dll
0x00007ffb17ad0000 - 0x00007ffb17adf000 	C:\Users\user\Downloads\Compressed\bellsoft-jdk25+37-windows-amd64-full\jdk-25-full\bin\instrument.dll
0x00007ffb174a0000 - 0x00007ffb174be000 	C:\Users\user\Downloads\Compressed\bellsoft-jdk25+37-windows-amd64-full\jdk-25-full\bin\java.dll
0x00007ffb3fce0000 - 0x00007ffb3fe77000 	C:\WINDOWS\System32\ole32.dll
0x00007ffb40bd0000 - 0x00007ffb41336000 	C:\WINDOWS\System32\SHELL32.dll
0x00007ffb3efa0000 - 0x00007ffb3f10a000 	C:\WINDOWS\System32\wintypes.dll
0x00007ffb3dee0000 - 0x00007ffb3e745000 	C:\WINDOWS\System32\windows.storage.dll
0x00007ffb3fe80000 - 0x00007ffb3ff77000 	C:\WINDOWS\System32\SHCORE.dll
0x00007ffb402f0000 - 0x00007ffb40356000 	C:\WINDOWS\System32\shlwapi.dll
0x00007ffb3db70000 - 0x00007ffb3db99000 	C:\WINDOWS\SYSTEM32\profapi.dll
0x00007ffb16c90000 - 0x00007ffb16ca7000 	C:\Users\user\Downloads\Compressed\bellsoft-jdk25+37-windows-amd64-full\jdk-25-full\bin\zip.dll
0x00007ffb16c80000 - 0x00007ffb16c90000 	C:\Users\user\Downloads\Compressed\bellsoft-jdk25+37-windows-amd64-full\jdk-25-full\bin\net.dll
0x00007ffb3cef0000 - 0x00007ffb3cf5c000 	C:\WINDOWS\system32\mswsock.dll
0x00007ffb16c60000 - 0x00007ffb16c76000 	C:\Users\user\Downloads\Compressed\bellsoft-jdk25+37-windows-amd64-full\jdk-25-full\bin\nio.dll
0x00007ffb16c50000 - 0x00007ffb16c60000 	C:\Users\user\Downloads\Compressed\bellsoft-jdk25+37-windows-amd64-full\jdk-25-full\bin\verify.dll
0x00007ffb174e0000 - 0x00007ffb17507000 	C:\Users\user\.gradle\native\660c5614fbf4a5f2a75b1949f50a0caf5cd603558e7d8a26e50b933a0cfb79d1\windows-amd64\native-platform.dll
0x00007ffb13760000 - 0x00007ffb137d7000 	C:\Users\user\.gradle\native\0.2.8\x86_64-windows-gnu\gradle-fileevents.dll
0x00007ffb16c40000 - 0x00007ffb16c4a000 	C:\Users\user\Downloads\Compressed\bellsoft-jdk25+37-windows-amd64-full\jdk-25-full\bin\management.dll
0x00007ffb16c30000 - 0x00007ffb16c3b000 	C:\Users\user\Downloads\Compressed\bellsoft-jdk25+37-windows-amd64-full\jdk-25-full\bin\management_ext.dll
0x00007ffb3fc40000 - 0x00007ffb3fc48000 	C:\WINDOWS\System32\PSAPI.DLL
0x00007ffb3c2f0000 - 0x00007ffb3c322000 	C:\WINDOWS\SYSTEM32\IPHLPAPI.DLL
0x00007ffb409e0000 - 0x00007ffb409ea000 	C:\WINDOWS\System32\NSI.dll
0x00007ffb16be0000 - 0x00007ffb16be9000 	C:\Users\user\Downloads\Compressed\bellsoft-jdk25+37-windows-amd64-full\jdk-25-full\bin\extnet.dll
0x00007ffb3d2f0000 - 0x00007ffb3d30b000 	C:\WINDOWS\SYSTEM32\CRYPTSP.dll
0x00007ffb3c900000 - 0x00007ffb3c939000 	C:\WINDOWS\system32\rsaenh.dll
0x00007ffb3cfa0000 - 0x00007ffb3cfd3000 	C:\WINDOWS\SYSTEM32\USERENV.dll
0x00007ffb3db40000 - 0x00007ffb3db6a000 	C:\WINDOWS\SYSTEM32\bcrypt.dll
0x00007ffb3d150000 - 0x00007ffb3d15c000 	C:\WINDOWS\SYSTEM32\CRYPTBASE.dll
0x00007ffb16850000 - 0x00007ffb1685e000 	C:\Users\user\Downloads\Compressed\bellsoft-jdk25+37-windows-amd64-full\jdk-25-full\bin\sunmscapi.dll
0x00007ffb3ee20000 - 0x00007ffb3ef97000 	C:\WINDOWS\System32\CRYPT32.dll
0x00007ffb3d450000 - 0x00007ffb3d480000 	C:\WINDOWS\SYSTEM32\ncrypt.dll
0x00007ffb3d400000 - 0x00007ffb3d43f000 	C:\WINDOWS\SYSTEM32\NTASN1.dll
0x00007ffaf5c90000 - 0x00007ffaf5c98000 	C:\WINDOWS\system32\wshunix.dll
0x00007ffb3c470000 - 0x00007ffb3c5a2000 	C:\WINDOWS\SYSTEM32\DNSAPI.dll
0x00007ffb2a740000 - 0x00007ffb2a74b000 	C:\Windows\System32\rasadhlp.dll
0x00007ffb2b370000 - 0x00007ffb2b3f6000 	C:\WINDOWS\System32\fwpuclnt.dll

JVMTI agents:
C:\Users\user\.gradle\wrapper\dists\gradle-9.4.1-bin\arn2x92ynaizyzdaamcbpbhtj\gradle-9.4.1\lib\agents\gradle-instrumentation-agent-9.4.1.jar path:C:\Users\user\Downloads\Compressed\bellsoft-jdk25+37-windows-amd64-full\jdk-25-full\bin\instrument.dll, loaded, initialized, instrumentlib options:none

dbghelp: loaded successfully - version: 4.0.5 - missing functions: none
symbol engine: initialized successfully - sym options: 0x614 - pdb path: .;C:\Users\user\Downloads\Compressed\bellsoft-jdk25+37-windows-amd64-full\jdk-25-full\bin;C:\WINDOWS\SYSTEM32;C:\WINDOWS\WinSxS\amd64_microsoft.windows.common-controls_6595b64144ccf1df_6.0.26100.8115_none_3e075c82e3354f9c;C:\Users\user\Downloads\Compressed\bellsoft-jdk25+37-windows-amd64-full\jdk-25-full\bin\server;C:\Users\user\.gradle\native\660c5614fbf4a5f2a75b1949f50a0caf5cd603558e7d8a26e50b933a0cfb79d1\windows-amd64;C:\Users\user\.gradle\native\0.2.8\x86_64-windows-gnu

VM Arguments:
jvm_args: --add-opens=java.base/java.lang=ALL-UNNAMED --add-opens=java.base/java.lang.invoke=ALL-UNNAMED --add-opens=java.base/java.util=ALL-UNNAMED --add-opens=java.prefs/java.util.prefs=ALL-UNNAMED --add-exports=jdk.compiler/com.sun.tools.javac.api=ALL-UNNAMED --add-exports=jdk.compiler/com.sun.tools.javac.util=ALL-UNNAMED --add-opens=java.base/java.util=ALL-UNNAMED --add-opens=java.prefs/java.util.prefs=ALL-UNNAMED --add-opens=java.base/java.nio.charset=ALL-UNNAMED --add-opens=java.base/java.net=ALL-UNNAMED --add-opens=java.base/java.util.concurrent=ALL-UNNAMED --add-opens=java.base/java.util.concurrent.atomic=ALL-UNNAMED --add-opens=java.xml/javax.xml.namespace=ALL-UNNAMED --add-opens=java.base/java.time=ALL-UNNAMED --enable-native-access=ALL-UNNAMED -XX:MaxMetaspaceSize=384m -XX:+HeapDumpOnOutOfMemoryError -Xms256m -Xmx512m -Dfile.encoding=UTF-8 -Duser.country=US -Duser.language=en -Duser.variant -javaagent:C:\Users\user\.gradle\wrapper\dists\gradle-9.4.1-bin\arn2x92ynaizyzdaamcbpbhtj\gradle-9.4.1\lib\agents\gradle-instrumentation-agent-9.4.1.jar 
java_command: org.gradle.launcher.daemon.bootstrap.GradleDaemon 9.4.1
java_class_path (initial): C:\Users\user\.gradle\wrapper\dists\gradle-9.4.1-bin\arn2x92ynaizyzdaamcbpbhtj\gradle-9.4.1\lib\gradle-daemon-main-9.4.1.jar
Launcher Type: SUN_STANDARD

[Global flags]
     intx CICompilerCount                          = 4                                         {product} {ergonomic}
   size_t CompressedClassSpaceSize                 = 335544320                                 {product} {ergonomic}
     uint ConcGCThreads                            = 2                                         {product} {ergonomic}
     uint G1ConcRefinementThreads                  = 8                                         {product} {ergonomic}
   size_t G1HeapRegionSize                         = 1048576                                   {product} {ergonomic}
     bool HeapDumpOnOutOfMemoryError               = true                                   {manageable} {command line}
   size_t InitialHeapSize                          = 268435456                                 {product} {command line}
   size_t MarkStackSize                            = 4194304                                   {product} {ergonomic}
   size_t MarkStackSizeMax                         = 536870912                                 {product} {ergonomic}
   size_t MaxHeapSize                              = 536870912                                 {product} {command line}
   size_t MaxMetaspaceSize                         = 402653184                                 {product} {command line}
   size_t MaxNewSize                               = 321912832                                 {product} {ergonomic}
   size_t MinHeapDeltaBytes                        = 1048576                                   {product} {ergonomic}
   size_t MinHeapSize                              = 268435456                                 {product} {command line}
    uintx NonNMethodCodeHeapSize                   = 5832704                                {pd product} {ergonomic}
    uintx NonProfiledCodeHeapSize                  = 122945536                              {pd product} {ergonomic}
    uintx ProfiledCodeHeapSize                     = 122880000                              {pd product} {ergonomic}
    uintx ReservedCodeCacheSize                    = 251658240                              {pd product} {ergonomic}
     bool SegmentedCodeCache                       = true                                      {product} {ergonomic}
   size_t SoftMaxHeapSize                          = 536870912                              {manageable} {ergonomic}
     bool UseCompressedOops                        = true                           {product lp64_product} {ergonomic}
     bool UseG1GC                                  = true                                      {product} {ergonomic}
     bool UseLargePagesIndividualAllocation        = false                                  {pd product} {ergonomic}

Logging:
Log output configuration:
 #0: stdout all=warning uptime,level,tags foldmultilines=false
 #1: stderr all=off uptime,level,tags foldmultilines=false

Release file:
IMPLEMENTOR="BellSoft" 
JAVA_RUNTIME_VERSION="25+37-LTS" 
JAVA_VERSION="25" 
JAVA_VERSION_DATE="2025-09-16" 
LIBC="default" 
MODULES="java.base java.compiler java.datatransfer java.xml java.prefs java.desktop java.instrument java.logging java.management java.security.sasl java.naming java.rmi java.management.rmi java.net.http java.scripting java.security.jgss java.transaction.xa java.sql java.sql.rowset java.xml.crypto java.se java.smartcardio jdk.jfr javafx.base jdk.unsupported javafx.graphics javafx.controls javafx.fxml javafx.media jdk.unsupported.desktop javafx.swing jdk.jsobject jdk.xml.dom javafx.web jdk.accessibility jdk.internal.jvmstat jdk.attach jdk.charsets jdk.internal.opt jdk.zipfs jdk.compiler jdk.crypto.cryptoki jdk.crypto.ec jdk.crypto.mscapi jdk.dynalink jdk.internal.ed jdk.editpad jdk.internal.vm.ci jdk.graal.compiler jdk.graal.compiler.management jdk.hotspot.agent jdk.httpserver jdk.incubator.vector jdk.internal.le jdk.internal.md jdk.jartool jdk.javadoc jdk.jcmd jdk.management jdk.management.agent jdk.jconsole jdk.jdeps jdk.jdwp.agent jdk.jdi jdk.jlink jdk.jpackage jdk.jshell jdk.jstatd jdk.localedata jdk.management.jfr jdk.naming.dns jdk.naming.rmi jdk.net jdk.nio.mapmode jdk.sctp jdk.security.auth jdk.security.jgss jfx.incubator.input jfx.incubator.richtext" 
OS_ARCH="x86_64" 
OS_NAME="Windows" 
SOURCE=".:git:e25d1a5e8234+" 

Environment Variables:
JAVA_HOME=C:\Program Files\BellSoft\LibericaJDK-25\
PATH=C:\Program Files\BellSoft\LibericaJDK-25\bin\;C:\Program Files\BellSoft\LibericaJDK-21\bin\;C:\WINDOWS\system32;C:\WINDOWS;C:\WINDOWS\System32\Wbem;C:\WINDOWS\System32\WindowsPowerShell\v1.0\;C:\WINDOWS\System32\OpenSSH\;C:\Program Files\Git\cmd;C:\Users\user\Downloads\Compressed\jdk-25_windows-x64_bin\jdk-25.0.1\bin;C:\Program Files\nodejs\;C:\ProgramData\chocolatey\bin;C:\Program Files\MySQL\MySQL Shell 8.0\bin\;C:\Users\user\AppData\Local\Microsoft\WindowsApps;C:\msys64\ucrt64\bin;C:\Program Files\JetBrains\WebStorm 2025.2.4\bin;C:\Users\user\AppData\Roaming\npm;C:\Users\user\AppData\Local\Programs\cursor\resources\app\bin;C:\Users\user\AppData\Local\Programs\Antigravity IDE\bin
USERNAME=user
OS=Windows_NT
PROCESSOR_IDENTIFIER=Intel64 Family 6 Model 142 Stepping 10, GenuineIntel
TMP=C:\Users\user\AppData\Local\Temp
TEMP=C:\Users\user\AppData\Local\Temp




Compilation memory statistics disabled.

Periodic native trim disabled

---------------  S Y S T E M  ---------------

OS:
 Windows 11 , 64 bit Build 26100 (10.0.26100.8115)
OS uptime: 5 days 11:39 hours
Hyper-V role detected

CPU: total 8 (initial active 8) (4 cores per cpu, 2 threads per core) family 6 model 142 stepping 10 microcode 0xf6, cx8, cmov, fxsr, ht, mmx, 3dnowpref, sse, sse2, sse3, ssse3, sse4.1, sse4.2, popcnt, lzcnt, tsc, tscinvbit, avx, avx2, aes, erms, clmul, bmi1, bmi2, rtm, adx, fma, vzeroupper, clflush, clflushopt, hv, rdtscp, f16c
Processor Information for the first 8 processors :
  Max Mhz: 1896, Current Mhz: 1696, Mhz Limit: 1687

Memory: 4k page, system-wide physical 8035M (532M free)
TotalPageFile size 15879M (AvailPageFile size 5M)
current process WorkingSet (physical memory assigned to process): 539M, peak: 557M
current process commit charge ("private bytes"): 580M, peak: 600M

vm_info: OpenJDK 64-Bit Server VM (25+37-LTS) for windows-amd64 JRE (25+37-LTS), built on 2025-09-16T14:39:05Z with MS VC++ 17.1 (VS2022)

END.
